Source File	Size	loadResources	load	generateSnapshots	load-configure	scan	loadDepInfo	loadInfo	checkR4R4B	generateNarratives	validate	loadLists	checkConformanceResources	checkConformanceResources2	checkConformanceResources3	generateLogicalMaps	validateExpressions	scanForUsageStats	checkURLsUnique	processProvenanceDetails	translate	generate1	generate2	responsesForQuestionnaire	generateLogicals	makeDependencies	generateExampleZip	generateValidationPack	scanProfilesForR5	scanExamplesForR5
/fsh-generated/resources/ImplementationGuide-smart.who.int.base.json	81121	-	0	0	0	0	0	0	29	116	0	0	0	0	0	0	0	2	0	0	79	287	254	0	0	0	0	21	0	2
fsh-generated/resources/ActivityDefinition-SGDecisionTableGuidance.json	926	4	0	0	0	0	0	0	0	69	0	0	0	0	0	0	0	0	0	0	13	21	13	0	0	0	0	1	0	0
fsh-generated/resources/ActorDefinition-DAK.Persona.CommunityHealthWorker.json	1306	1	0	0	1	0	0	0	0	11	0	0	0	0	0	0	0	0	0	0	13	13	17	0	0	0	0	1	0	1
fsh-generated/resources/ActorDefinition-DAK.Persona.DataManager.json	1676	0	0	0	0	0	0	0	0	6	0	0	0	0	0	0	0	0	0	0	13	12	10	0	0	0	0	0	0	0
fsh-generated/resources/ActorDefinition-DAK.Persona.HealthSystemManager.json	1410	1	0	0	0	0	0	0	0	6	0	0	0	0	0	0	0	0	0	0	13	12	8	0	0	0	0	1	0	0
fsh-generated/resources/ActorDefinition-DAK.Persona.HealthcareProvider.json	1819	1	0	0	0	0	0	0	0	5	0	0	0	0	0	0	0	0	0	0	10	13	10	0	0	0	0	1	0	0
fsh-generated/resources/ActorDefinition-DAK.Persona.Person.json	1334	1	0	0	0	0	0	0	1	5	0	0	0	0	0	0	0	0	0	0	9	11	9	0	0	0	0	0	0	0
fsh-generated/resources/ActorDefinition-DAK.Persona.System.ClientRegistry.json	1036	1	0	0	0	0	0	0	0	5	0	0	0	0	0	0	0	0	0	0	9	12	8	0	0	0	0	1	0	0
fsh-generated/resources/ActorDefinition-DAK.Persona.System.EMR.json	1290	0	0	0	0	0	0	0	0	4	0	0	0	0	0	0	0	0	0	0	8	12	9	0	0	0	0	0	0	0
fsh-generated/resources/ActorDefinition-DAK.Persona.System.HMIS.json	1097	1	0	0	0	0	0	0	0	5	0	0	0	0	0	0	0	0	0	0	9	14	9	0	0	0	0	1	0	0
fsh-generated/resources/ActorDefinition-DAK.Persona.System.InteropPlatform.json	1103	0	0	0	0	0	0	0	0	5	0	0	0	0	0	0	0	0	0	0	9	17	8	0	0	0	0	1	0	0
fsh-generated/resources/ActorDefinition-DAK.Persona.System.LIS.json	1099	1	0	0	0	0	0	0	0	6	0	0	0	0	0	0	0	0	0	0	8	13	9	0	0	0	0	0	0	0
fsh-generated/resources/ActorDefinition-DAK.Persona.System.LMIS.json	991	0	0	0	0	0	0	0	0	5	0	0	0	0	0	0	0	0	0	0	9	12	8	0	0	0	0	1	0	0
fsh-generated/resources/ActorDefinition-DAK.Persona.System.SurveillanceSystem.json	1026	1	0	0	0	0	0	0	0	5	0	0	0	0	0	0	0	0	0	0	9	14	8	0	0	0	0	0	0	0
fsh-generated/resources/ActorDefinition-SGAuthoring.Persona.BusinessAnalyst.json	1250	0	0	0	0	0	0	0	1	4	0	0	0	0	0	0	0	0	0	0	8	14	8	0	0	0	0	1	0	0
fsh-generated/resources/ActorDefinition-SGAuthoring.Persona.ClinicalSME.json	1215	0	0	0	0	0	0	0	0	3	0	0	0	0	0	0	0	0	0	0	8	14	7	0	0	0	0	0	0	0
fsh-generated/resources/ActorDefinition-SGAuthoring.Persona.ContentReviewer.json	1387	1	0	0	0	0	0	0	0	4	0	0	0	0	0	0	0	0	0	0	9	12	7	0	0	0	0	1	0	0
fsh-generated/resources/ActorDefinition-SGAuthoring.Persona.FHIRModeller.json	1344	0	0	0	1	0	0	0	0	4	0	0	0	0	0	0	0	0	0	0	8	10	8	0	0	0	0	0	0	0
fsh-generated/resources/ActorDefinition-SGAuthoring.Persona.ProgrammeManager.json	1296	1	0	0	0	0	0	0	0	3	0	0	0	0	0	0	0	0	0	0	9	10	7	0	0	0	0	1	0	0
fsh-generated/resources/ActorDefinition-SGAuthoring.Persona.PublicationManager.json	1323	0	0	0	0	0	0	0	0	4	0	0	0	0	0	0	0	0	0	0	8	10	7	0	0	0	0	0	0	0
fsh-generated/resources/ActorDefinition-SGAuthoring.Persona.QCReviewer.json	1286	1	0	0	0	0	0	0	0	3	0	0	0	0	0	0	0	0	0	0	8	10	7	0	0	0	0	1	0	0
fsh-generated/resources/ActorDefinition-SGAuthoring.Persona.TechnicalOfficer.json	1179	0	0	0	0	0	0	0	0	3	0	0	0	0	0	0	0	0	0	0	60	9	8	0	0	0	0	1	0	0
fsh-generated/resources/ActorDefinition-SGAuthoring.Persona.Terminologist.json	1208	1	0	0	0	0	0	0	0	3	0	0	0	0	0	1	0	0	0	0	9	10	7	0	0	0	0	0	0	0
fsh-generated/resources/ActorDefinition-SGAuthoring.Persona.Translator.json	967	0	0	0	0	0	0	0	0	3	0	0	0	0	0	0	0	0	0	0	11	10	7	0	0	0	0	1	0	1
fsh-generated/resources/CodeSystem-CDHIv1.json	11767	3	0	0	0	0	0	0	2	56	0	0	1	0	0	0	0	0	0	0	15	167	160	0	0	0	0	6	0	0
fsh-generated/resources/CodeSystem-CDHIv2.json	14875	3	0	0	0	0	0	0	2	54	0	0	0	0	0	0	0	0	0	0	17	193	103	0	0	0	0	6	0	0
fsh-generated/resources/CodeSystem-CDSCv1.json	2565	1	0	0	0	0	0	0	1	13	0	0	0	0	0	0	0	0	0	0	9	39	35	0	0	0	0	2	0	0
fsh-generated/resources/CodeSystem-CDSCv2.json	11219	1	0	0	0	0	0	0	1	28	0	0	0	0	0	0	0	0	0	0	11	117	51	0	0	0	0	3	0	0
fsh-generated/resources/CodeSystem-CoreDataElementType.json	1018	1	0	0	0	0	0	0	0	7	0	0	0	0	0	0	0	0	0	0	6	15	25	0	0	0	0	0	0	0
fsh-generated/resources/CodeSystem-DecisionTableActions.json	668	1	0	0	1	0	0	0	0	5	0	0	0	0	0	0	0	0	0	0	7	11	24	0	0	0	0	1	0	0
fsh-generated/resources/CodeSystem-DocumentationSections.json	1121	0	0	0	0	0	0	0	0	6	0	0	0	0	0	0	0	0	0	0	6	18	23	0	0	0	0	0	0	0
fsh-generated/resources/CodeSystem-ISCO08.json	63870	7	0	0	0	0	0	0	6	99	0	0	0	0	0	0	0	1	0	0	13	539	147	0	0	0	0	29	0	1
fsh-generated/resources/CodeSystem-SGAuthoringPersonaTypes.json	2427	1	0	0	0	0	0	0	0	9	0	0	0	0	0	0	0	0	0	0	7	31	23	0	0	0	0	1	0	0
fsh-generated/resources/CodeSystem-SGAuthoringSkills.json	8811	1	0	0	0	0	0	0	1	20	0	0	0	0	0	0	0	0	0	0	9	108	34	0	0	0	0	2	0	0
fsh-generated/resources/CodeSystem-SGPersonaTypes.json	970	1	0	0	0	0	0	0	0	5	0	0	0	0	0	0	0	0	0	0	6	15	19	0	0	0	0	1	0	0
fsh-generated/resources/CodeSystem-SGTasks.json	3123	1	0	0	0	0	0	0	0	8	0	0	0	0	0	0	0	0	0	0	7	35	24	0	0	0	0	1	0	0
fsh-generated/resources/ConceptMap-CDHIv1Hierarchy.json	21893	3	0	0	0	0	0	0	3	117	0	0	0	0	0	0	0	0	0	0	7	277	60	0	0	0	0	7	0	0
fsh-generated/resources/ConceptMap-CDHIv1toCDHIv2.json	31426	5	0	0	0	0	0	0	3	104	0	0	0	0	0	0	0	0	0	0	10	392	64	0	0	0	0	13	0	0
fsh-generated/resources/ConceptMap-CDHIv2Hierarchy.json	24622	4	0	0	1	0	0	0	2	79	0	0	0	0	0	0	0	1	0	0	7	344	60	0	0	0	0	10	0	0
fsh-generated/resources/ConceptMap-CDSCv1toCDSCv2.json	8708	1	0	0	0	0	0	0	1	25	0	0	0	0	0	0	0	0	0	0	8	97	24	0	0	0	0	2	0	0
fsh-generated/resources/Questionnaire-DAK.DT.IMMZ.D2.DT.BCGQuestionnaire.json	3899	1	0	0	0	0	0	0	1	101	0	0	0	0	0	0	0	0	0	0	8	200	25	0	0	0	0	4	0	0
fsh-generated/resources/Requirements-SGAuthoring.Skills.AuthorActorDefinitions.json	3156	1	0	0	0	0	0	0	0	15	0	0	0	0	0	0	0	0	0	0	7	31	9	0	0	0	0	1	0	1
fsh-generated/resources/Requirements-SGAuthoring.Skills.AuthorBusinessProcesses.json	4098	1	0	0	0	0	0	0	1	15	0	0	0	0	0	0	0	0	0	0	6	43	14	0	0	0	0	1	0	0
fsh-generated/resources/Requirements-SGAuthoring.Skills.AuthorCQL.json	3511	1	0	0	0	0	0	0	0	11	0	0	0	0	0	0	0	0	0	0	7	33	9	0	0	0	0	0	0	0
fsh-generated/resources/Requirements-SGAuthoring.Skills.AuthorCodeSystems.json	2516	1	0	0	0	0	0	0	0	9	0	0	0	0	0	0	0	0	0	0	6	25	7	0	0	0	0	1	0	0
fsh-generated/resources/Requirements-SGAuthoring.Skills.AuthorConceptMaps.json	2602	0	0	0	0	0	0	0	1	8	0	0	0	0	0	0	0	0	0	0	5	25	8	0	0	0	0	0	0	0
fsh-generated/resources/Requirements-SGAuthoring.Skills.AuthorDataDictionary.json	3716	1	0	0	0	0	0	0	0	11	0	0	0	0	0	0	0	0	0	0	6	41	9	0	0	0	0	1	0	0
fsh-generated/resources/Requirements-SGAuthoring.Skills.AuthorDecisionLogic.json	3190	1	0	0	0	0	0	0	1	8	0	0	0	0	0	0	0	0	0	0	6	30	8	0	0	0	0	1	0	0
fsh-generated/resources/Requirements-SGAuthoring.Skills.AuthorExampleScenarios.json	2101	1	0	0	0	0	0	0	0	6	0	0	0	0	0	0	0	0	0	0	6	21	7	0	0	0	0	0	0	1
fsh-generated/resources/Requirements-SGAuthoring.Skills.AuthorFHIRProfiles.json	3065	1	0	0	0	0	0	0	0	8	0	0	0	0	0	0	0	0	0	0	6	29	8	0	0	0	0	1	0	0
fsh-generated/resources/Requirements-SGAuthoring.Skills.AuthorFHIRRequirements.json	2660	1	0	0	0	0	0	0	1	7	0	0	0	0	0	0	0	0	0	0	6	25	7	0	0	0	0	1	0	0
fsh-generated/resources/Requirements-SGAuthoring.Skills.AuthorFunctionalRequirements.json	3293	2	0	0	0	0	0	0	0	15	0	0	0	0	0	0	0	0	0	0	9	31	7	0	0	0	0	0	0	0
fsh-generated/resources/Requirements-SGAuthoring.Skills.AuthorIndicators.json	3206	1	0	0	0	0	0	0	1	11	0	0	0	0	0	0	0	0	0	0	6	30	9	0	0	0	0	1	0	0
fsh-generated/resources/Requirements-SGAuthoring.Skills.AuthorLogicalModels.json	3143	1	0	0	0	0	0	0	0	12	0	0	0	0	0	0	0	0	0	0	7	31	9	0	0	0	0	1	0	0
fsh-generated/resources/Requirements-SGAuthoring.Skills.AuthorMeasures.json	2561	1	0	0	0	0	0	0	0	7	0	0	0	0	0	0	0	0	0	0	6	25	7	0	0	0	0	0	0	0
fsh-generated/resources/Requirements-SGAuthoring.Skills.AuthorPersonas.json	3585	1	0	0	0	0	0	0	1	9	0	0	0	0	0	0	0	0	0	0	6	34	8	0	0	0	0	1	0	0
fsh-generated/resources/Requirements-SGAuthoring.Skills.AuthorPlanDefinitions.json	3197	2	0	0	0	0	0	0	0	8	0	0	0	0	0	0	0	0	0	0	6	30	9	0	0	0	0	1	0	1
fsh-generated/resources/Requirements-SGAuthoring.Skills.AuthorQuestionnaires.json	2608	1	0	0	0	0	0	0	1	7	0	0	0	0	0	0	0	0	0	0	6	25	8	0	0	0	0	0	0	0
fsh-generated/resources/Requirements-SGAuthoring.Skills.AuthorSchedulingLogic.json	2681	1	0	0	0	0	0	0	0	8	0	0	0	0	0	0	0	0	0	0	5	26	7	0	0	0	0	1	0	0
fsh-generated/resources/Requirements-SGAuthoring.Skills.AuthorStructureMaps.json	2648	1	0	0	0	0	0	0	0	7	0	0	0	0	0	0	0	0	0	0	6	28	6	0	0	0	0	0	0	0
fsh-generated/resources/Requirements-SGAuthoring.Skills.AuthorTestCases.json	3049	1	0	0	0	0	0	0	1	8	0	0	0	0	0	0	0	0	0	0	6	29	7	0	0	0	0	1	0	0
fsh-generated/resources/Requirements-SGAuthoring.Skills.AuthorUserScenarios.json	3208	1	0	0	0	0	0	0	0	7	0	0	0	0	0	0	0	0	0	0	6	30	8	0	0	0	0	1	0	0
fsh-generated/resources/Requirements-SGAuthoring.Skills.AuthorValueSets.json	2530	1	0	0	0	0	0	0	0	7	0	0	0	0	0	0	0	0	0	0	5	25	8	0	0	0	0	0	0	0
fsh-generated/resources/Requirements-SGAuthoring.Skills.BuildIG.json	3119	0	0	0	0	0	0	0	1	10	0	0	0	0	0	0	0	0	0	0	6	31	11	0	0	0	0	1	0	0
fsh-generated/resources/Requirements-SGAuthoring.Skills.ConfigureIG.json	3228	1	0	0	0	0	0	0	0	11	0	0	0	0	0	0	0	0	0	0	5	35	11	0	0	0	0	0	0	0
fsh-generated/resources/Requirements-SGAuthoring.Skills.InterpretClinicalRecommendations.json	3277	2	0	0	0	0	0	0	1	8	0	0	0	0	0	0	0	0	0	0	6	30	8	0	0	0	0	1	0	1
fsh-generated/resources/Requirements-SGAuthoring.Skills.ManageGovernance.json	3178	1	0	0	0	0	0	0	0	8	0	0	0	0	0	0	0	0	0	0	5	31	7	0	0	0	0	2	0	0
fsh-generated/resources/Requirements-SGAuthoring.Skills.ManageReleases.json	4698	1	0	0	0	0	0	0	0	11	0	0	0	0	0	0	0	0	0	0	6	44	10	0	0	0	1	1	0	0
fsh-generated/resources/Requirements-SGAuthoring.Skills.ManageStakeholders.json	3766	0	0	0	0	0	0	0	1	9	0	0	0	0	0	0	0	0	0	0	5	36	8	0	0	0	0	1	0	0
fsh-generated/resources/Requirements-SGAuthoring.Skills.MapConcepts.json	3646	1	0	0	0	0	0	0	0	9	0	0	0	0	0	0	0	0	0	0	6	34	8	0	0	0	0	0	0	0
fsh-generated/resources/Requirements-SGAuthoring.Skills.PlanIterations.json	3687	1	0	0	0	0	0	0	1	9	0	0	0	0	0	0	0	0	0	0	6	34	8	0	0	0	0	1	0	0
fsh-generated/resources/Requirements-SGAuthoring.Skills.ReviewAndApproveContent.json	4230	1	0	0	0	0	0	0	0	9	0	0	0	0	0	0	0	0	0	0	7	40	8	0	0	0	0	1	0	0
fsh-generated/resources/Requirements-SGAuthoring.Skills.ReviewChecklist.json	3778	1	0	0	0	0	0	0	0	8	0	0	0	0	0	0	0	0	0	0	6	36	8	0	0	0	0	1	0	1
fsh-generated/resources/Requirements-SGAuthoring.Skills.ReviewL1Guidelines.json	3823	0	0	0	0	0	0	0	1	8	0	0	0	0	0	0	0	0	0	0	6	37	9	0	0	0	0	1	0	0
fsh-generated/resources/Requirements-SGAuthoring.Skills.ReviewTerminology.json	3159	1	0	0	0	0	0	0	0	7	0	0	0	0	0	0	0	0	0	0	5	30	8	0	0	0	0	1	0	0
fsh-generated/resources/Requirements-SGAuthoring.Skills.ReviewTranslations.json	2602	1	0	0	0	0	0	0	0	5	0	0	0	0	0	0	0	0	0	0	5	25	6	0	0	0	0	1	0	0
fsh-generated/resources/Requirements-SGAuthoring.Skills.RunQAChecks.json	3022	0	0	0	0	0	0	0	1	7	0	0	0	0	0	0	0	0	0	0	6	30	7	0	0	0	0	1	0	0
fsh-generated/resources/Requirements-SGAuthoring.Skills.ScopeDAK.json	3826	1	0	0	1	0	0	0	0	7	0	0	0	0	0	0	0	0	0	0	5	36	8	0	0	0	0	0	0	0
fsh-generated/resources/Requirements-SGAuthoring.Skills.TranslateContent.json	2984	1	0	0	0	0	0	0	0	6	0	0	0	0	0	0	0	0	0	0	5	29	7	0	0	0	0	1	0	0
fsh-generated/resources/Requirements-SGAuthoring.Skills.ValidateArtifactConformance.json	3128	1	0	0	0	0	0	0	1	7	0	0	0	0	0	0	0	0	0	0	6	29	8	0	0	0	0	1	0	1
fsh-generated/resources/Requirements-SGAuthoring.Skills.ValidateDAKContent.json	3733	1	0	0	0	0	0	0	0	8	0	0	0	0	0	0	0	0	0	0	6	36	8	0	0	0	0	0	0	0
fsh-generated/resources/Requirements-SGAuthoring.Skills.ValidateL3Functionality.json	3282	0	0	0	0	0	0	0	0	6	0	0	0	0	0	0	0	0	0	0	5	32	8	0	0	0	0	1	0	0
fsh-generated/resources/StructureDefinition-BusinessProcessWorkflow.json	4493	2	0	13	0	0	0	0	0	54	0	0	1	0	0	0	0	1	0	0	3	236	484	0	0	0	0	5	0	0
fsh-generated/resources/StructureDefinition-BusinessProcessWorkflowSource.json	2860	0	0	5	0	0	0	0	0	14	0	0	0	0	0	0	0	0	0	0	2	114	185	0	0	0	0	2	0	0
fsh-generated/resources/StructureDefinition-CoreDataElement.json	2891	1	0	4	0	0	0	0	0	134	0	0	0	0	0	0	0	0	0	0	2	157	124	0	0	0	0	2	0	0
fsh-generated/resources/StructureDefinition-CoreDataElementSource.json	2644	1	0	4	0	0	0	0	0	32	0	0	0	0	0	0	0	0	0	0	1	110	95	0	0	0	0	2	0	0
fsh-generated/resources/StructureDefinition-DAK.json	9101	2	0	14	0	0	0	0	0	82	0	0	0	0	0	0	0	0	0	0	5	433	152	0	0	0	0	9	0	0
fsh-generated/resources/StructureDefinition-DecisionSupportLogic.json	2434	1	0	6	0	0	0	0	0	22	0	0	0	0	0	0	0	0	0	0	2	135	90	0	0	0	0	3	0	0
fsh-generated/resources/StructureDefinition-DecisionSupportLogicSource.json	2779	1	0	5	0	0	0	0	0	19	0	0	0	0	0	0	0	0	0	0	1	109	86	0	0	0	0	2	0	0
fsh-generated/resources/StructureDefinition-DublinCore.json	5677	1	0	7	0	0	0	0	0	37	0	0	0	0	0	0	0	0	0	0	2	275	109	0	0	0	0	6	0	1
fsh-generated/resources/StructureDefinition-FHIRSchemaBase.json	3299	1	0	6	0	0	0	0	0	19	0	0	0	0	0	0	0	0	0	0	2	173	82	0	0	0	0	4	0	0
fsh-generated/resources/StructureDefinition-FunctionalRequirement.json	3193	1	0	5	0	0	0	0	0	27	0	0	0	0	0	0	0	0	0	0	1	203	99	0	0	0	0	5	0	0
fsh-generated/resources/StructureDefinition-GenericPersona.json	3144	0	0	5	0	0	0	0	0	25	0	0	0	0	0	0	0	0	0	0	2	163	95	0	0	1	0	5	0	0
fsh-generated/resources/StructureDefinition-GenericPersonaSource.json	2613	1	0	3	0	0	0	0	0	16	0	0	0	0	0	0	0	0	0	0	1	107	80	0	0	0	0	3	0	0
fsh-generated/resources/StructureDefinition-HealthInterventions.json	2399	2	0	2	0	0	0	0	0	19	0	0	0	0	0	0	0	0	0	0	1	133	77	0	0	0	0	3	0	0
fsh-generated/resources/StructureDefinition-HealthInterventionsSource.json	2748	0	0	3	0	0	0	0	0	15	0	0	0	0	0	0	0	0	0	0	2	108	76	0	0	0	0	2	0	0
fsh-generated/resources/StructureDefinition-LinkIdExt.json	1152	1	0	6	0	0	0	0	1	24	0	0	0	0	0	0	0	0	0	0	1	110	91	0	0	0	0	2	0	0
fsh-generated/resources/StructureDefinition-Markdown.json	1153	1	0	5	0	0	0	0	0	18	0	0	0	0	0	0	0	0	0	0	0	110	98	0	0	0	0	3	0	0
fsh-generated/resources/StructureDefinition-NonFunctionalRequirement.json	2316	0	0	4	0	0	0	0	0	28	0	0	0	0	0	0	0	1	0	0	2	120	85	0	0	0	0	2	0	0
fsh-generated/resources/StructureDefinition-Persona.json	2465	2	0	4	0	0	0	0	0	110	0	0	0	0	0	0	0	0	0	0	1	137	676	0	0	0	0	2	0	0
fsh-generated/resources/StructureDefinition-ProgramIndicator.json	3895	1	0	4	0	0	0	0	0	26	0	0	0	0	0	0	0	0	0	0	2	206	91	0	0	0	0	4	0	0
fsh-generated/resources/StructureDefinition-ProgramIndicatorSource.json	2667	0	0	3	0	0	0	0	0	14	0	0	0	0	0	0	0	0	0	0	2	112	75	0	0	0	0	2	0	0
fsh-generated/resources/StructureDefinition-Requirements.json	4251	1	0	12	0	0	0	0	0	27	0	0	1	0	0	0	0	0	0	0	2	215	105	0	0	0	0	4	0	1
fsh-generated/resources/StructureDefinition-RequirementsSource.json	2555	1	0	4	0	0	0	0	0	15	0	0	0	0	0	0	0	0	0	0	1	107	72	0	0	0	0	2	0	0
fsh-generated/resources/StructureDefinition-SGActivityDefinition.json	899	1	0	31	0	0	0	0	0	26	0	0	0	0	0	0	0	1	0	0	2	236	361	0	0	0	0	7	0	1
fsh-generated/resources/StructureDefinition-SGActorExt.json	1326	0	0	8	0	0	0	0	0	17	0	0	0	0	0	0	0	0	0	0	0	112	111	0	0	0	0	3	1	0
fsh-generated/resources/StructureDefinition-SGBusinessProcess.json	691	1	0	124	0	0	0	0	0	32	0	0	0	0	0	0	0	1	0	0	1	241	321	0	0	0	0	13	0	1
fsh-generated/resources/StructureDefinition-SGCodeSystem.json	811	1	0	22	0	0	0	0	0	26	0	0	0	0	0	0	0	0	0	0	1	218	290	0	0	0	0	11	0	1
fsh-generated/resources/StructureDefinition-SGCommunicationRequest.json	1033	0	0	17	0	0	0	0	0	22	0	0	0	0	0	0	0	1	0	0	1	162	232	0	0	0	0	6	0	0
fsh-generated/resources/StructureDefinition-SGConceptMap.json	811	1	0	18	0	0	0	0	0	24	0	0	1	0	0	0	0	0	0	0	1	212	321	0	0	0	0	9	1	1
fsh-generated/resources/StructureDefinition-SGDecisionTable.json	768	0	0	47	0	0	0	0	0	30	0	0	0	0	0	0	0	1	0	0	1	263	387	0	0	0	0	11	0	1
fsh-generated/resources/StructureDefinition-SGDocumentation.json	2214	1	0	11	0	0	0	0	0	32	0	0	0	0	0	0	0	1	0	0	1	201	147	0	0	0	0	6	0	0
fsh-generated/resources/StructureDefinition-SGImplementationGuide.json	9487	2	0	75	0	0	0	0	0	145	0	0	1	0	0	0	0	2	0	0	1	1363	891	0	0	0	0	44	1	3
fsh-generated/resources/StructureDefinition-SGLibrary.json	778	0	0	14	1	0	0	0	0	21	0	0	0	0	0	0	0	0	0	0	0	165	196	0	0	0	0	7	0	1
fsh-generated/resources/StructureDefinition-SGLogicalModel.json	6453	3	1	60	0	0	0	0	0	113	0	0	0	0	0	0	0	3	0	0	2	1109	608	0	0	0	0	47	0	2
fsh-generated/resources/StructureDefinition-SGMarkdown.json	1195	0	0	3	0	0	0	0	1	12	0	0	0	0	0	0	0	0	0	0	0	111	72	0	0	0	0	10	0	0
fsh-generated/resources/StructureDefinition-SGMeasure.json	778	1	0	19	0	0	0	0	0	20	0	0	0	0	0	0	0	0	0	0	1	235	178	0	0	0	0	18	0	1
fsh-generated/resources/StructureDefinition-SGPlanDefinition.json	855	0	0	1	0	0	0	0	0	39	0	0	1	0	0	0	0	1	0	0	1	287	213	0	0	0	0	14	1	2
fsh-generated/resources/StructureDefinition-SGQuestionnaire.json	1700	1	0	28	0	0	0	0	0	32	0	0	0	0	0	0	0	1	0	0	1	307	202	0	0	0	0	11	0	0
fsh-generated/resources/StructureDefinition-SGRequirementExt.json	1304	1	0	5	0	0	0	0	0	14	0	0	0	0	0	0	0	0	0	0	1	112	85	0	0	0	0	4	0	1
fsh-generated/resources/StructureDefinition-SGString.json	1265	0	0	7	0	0	0	0	0	10	0	0	0	0	0	0	0	0	0	0	1	111	89	0	0	0	0	3	0	0
fsh-generated/resources/StructureDefinition-SGStructureDefinition.json	790	1	0	27	0	0	0	0	0	28	0	0	0	0	0	0	0	1	0	0	1	203	195	0	0	0	0	7	0	0
fsh-generated/resources/StructureDefinition-SGStructureMap.json	1045	1	0	27	0	0	0	0	0	29	0	0	0	0	0	0	0	1	0	0	1	271	351	0	0	0	0	7	1	1
fsh-generated/resources/StructureDefinition-SGTask.json	1958	1	0	8	0	0	0	0	0	23	0	0	0	0	0	0	0	0	0	0	1	190	160	0	0	0	0	4	0	1
fsh-generated/resources/StructureDefinition-SGUserStory.json	2008	1	0	5	0	0	0	0	0	14	0	0	0	0	0	0	0	0	0	0	1	172	116	0	0	0	0	3	0	0
fsh-generated/resources/StructureDefinition-SGValueSet.json	789	0	0	19	0	0	0	0	0	16	0	0	0	0	0	0	0	1	0	0	0	265	264	0	0	0	0	8	0	1
fsh-generated/resources/StructureDefinition-Satisfies.json	1531	1	0	5	0	0	1	0	0	14	0	0	0	0	0	0	0	0	0	0	1	113	112	0	0	0	0	2	0	0
fsh-generated/resources/StructureDefinition-SushiConfigLogicalModel.json	20819	4	0	34	0	0	0	0	0	89	0	0	1	0	0	0	0	1	0	0	6	1012	373	0	0	0	0	19	0	1
fsh-generated/resources/StructureDefinition-TestScenario.json	1758	1	0	3	0	0	0	0	0	15	0	0	0	0	0	0	0	0	0	0	1	120	113	0	0	0	0	2	0	0
fsh-generated/resources/StructureDefinition-TestScenarioSource.json	2559	0	0	3	0	0	0	0	0	14	0	0	0	0	0	0	0	0	0	0	2	111	111	0	0	0	0	2	0	0
fsh-generated/resources/StructureDefinition-UserScenario.json	2410	1	0	3	0	0	0	0	0	17	0	0	0	0	0	0	0	0	0	0	1	148	108	0	0	0	0	3	0	0
fsh-generated/resources/StructureDefinition-UserScenarioSource.json	2559	1	0	2	0	0	0	0	0	14	0	0	0	0	0	0	0	0	0	0	1	123	105	0	0	0	0	3	0	0
fsh-generated/resources/ValueSet-CDHIv1.1.json	1833	0	0	0	0	0	0	0	0	528	0	0	0	0	0	0	0	0	0	0	8	50	326	0	0	0	0	2	0	0
fsh-generated/resources/ValueSet-CDHIv1.2.json	2821	1	0	0	0	0	0	0	0	25	0	0	0	0	0	0	0	0	0	0	6	76	68	0	0	0	0	2	0	0
fsh-generated/resources/ValueSet-CDHIv1.3.json	2414	1	0	0	0	0	0	0	1	22	0	0	0	0	0	0	0	0	0	0	5	58	80	0	0	0	0	2	0	0
fsh-generated/resources/ValueSet-CDHIv1.4.json	1406	0	0	0	0	0	0	0	0	30	0	0	0	0	0	0	0	0	0	0	5	31	44	0	0	0	0	1	0	0
fsh-generated/resources/ValueSet-CDHIv1.json	476	1	0	0	0	0	0	0	0	8	0	0	0	0	0	0	0	0	0	0	5	7	108	0	0	0	0	0	0	0
fsh-generated/resources/ValueSet-CDHIv2.1.json	2070	0	0	0	0	0	0	0	0	28	0	0	0	0	0	0	0	0	0	0	4	55	69	0	0	0	0	1	0	0
fsh-generated/resources/ValueSet-CDHIv2.2.json	3082	1	0	0	0	0	0	1	1	31	0	0	0	0	0	0	0	0	0	0	5	81	62	0	0	0	0	1	0	0
fsh-generated/resources/ValueSet-CDHIv2.3.json	2641	1	0	0	0	0	0	0	0	17	0	0	0	0	0	0	0	0	0	0	4	67	55	0	0	0	0	2	0	0
fsh-generated/resources/ValueSet-CDHIv2.4.json	1864	0	0	0	0	0	0	0	0	13	0	0	0	0	0	0	0	0	0	0	4	46	53	0	0	0	0	1	0	0
fsh-generated/resources/ValueSet-CDHIv2.json	506	1	0	0	0	0	0	0	1	4	0	0	0	0	0	0	0	0	0	0	4	8	63	0	0	0	0	0	0	0
fsh-generated/resources/ValueSet-CDSCv1.json	502	0	0	0	0	0	0	0	0	3	0	0	0	0	0	0	0	0	0	0	4	9	54	0	0	0	0	0	0	0
fsh-generated/resources/ValueSet-CDSCv2.A.json	1118	0	0	0	0	0	0	0	0	8	0	0	0	0	0	0	0	0	0	0	4	36	47	0	0	0	0	1	0	0
fsh-generated/resources/ValueSet-CDSCv2.B.json	1095	1	0	0	0	0	0	0	0	7	0	0	0	0	0	0	0	0	0	0	5	29	46	0	0	0	0	1	0	0
fsh-generated/resources/ValueSet-CDSCv2.C.json	1259	0	0	0	0	0	0	0	0	10	0	0	0	0	0	0	0	0	0	0	4	36	50	0	0	0	0	1	0	0
fsh-generated/resources/ValueSet-CDSCv2.D.json	1080	1	0	0	0	0	0	0	0	8	0	0	0	0	0	0	0	0	0	0	4	30	48	0	0	0	0	0	0	0
fsh-generated/resources/ValueSet-CDSCv2.E.json	779	1	0	0	0	0	0	0	0	6	0	0	0	0	0	0	0	0	0	0	4	15	40	0	0	0	0	1	0	0
fsh-generated/resources/ValueSet-CDSCv2.json	551	0	0	0	0	0	0	0	0	3	0	0	0	0	0	0	0	0	0	0	4	7	44	0	0	0	0	0	0	0
fsh-generated/resources/ValueSet-CoreDataElementTypeVS.json	457	1	0	0	0	0	0	0	1	3	0	0	0	0	0	0	0	0	0	0	3	7	34	0	0	0	0	0	0	0
fsh-generated/resources/ValueSet-DecisionTableActions.json	492	1	0	0	0	0	0	0	0	2	0	0	0	0	0	0	0	0	0	0	4	8	34	0	0	0	0	1	0	0
fsh-generated/resources/ValueSet-DocumentationSection.json	521	0	0	0	0	0	0	0	0	48	0	0	0	0	0	0	0	0	0	0	4	7	86	0	0	0	0	0	0	0
fsh-generated/resources/ValueSet-ISCO08ValueSet.json	451	1	0	0	0	0	0	0	0	3	0	0	0	0	0	0	0	0	0	0	4	7	37	0	0	1	0	0	0	0
fsh-generated/resources/ValueSet-SGAuthoringPersonaTypesVS.json	506	0	0	0	1	0	0	0	0	2	0	0	0	0	0	0	0	0	0	0	4	8	30	0	0	0	0	0	0	0
fsh-generated/resources/ValueSet-SGAuthoringSkillsVS.json	484	1	0	0	0	0	0	0	0	3	0	0	0	0	0	0	0	0	0	0	3	7	28	0	0	0	0	0	0	0
fsh-generated/resources/ValueSet-SGPersonaTypesVS.json	499	1	0	0	0	0	0	0	0	2	0	0	0	0	0	0	0	0	0	0	4	7	25	0	0	0	0	1	0	0
input/profiles/StructureDefinition-SGGroupDefinition.json	1505	1	0	16	0	0	0	0	0	29	0	0	0	0	0	0	0	1	0	0	1	279	217	0	0	0	0	7	1	1
input/resources/StructureDefinition-SGActor.json	1245	1	0	7	0	0	0	0	0	22	0	0	0	0	0	0	0	0	0	0	1	203	176	0	0	0	0	4	0	1
input/resources/StructureDefinition-SGCode.json	1635	1	0	3	0	0	0	0	0	18	0	0	0	0	0	0	0	0	0	0	1	154	91	0	0	0	0	3	0	0
input/resources/StructureDefinition-SGGraphDefinition.json	2982	1	0	15	0	0	0	0	0	37	0	0	0	0	0	0	0	1	0	0	1	347	208	0	0	0	0	10	0	0
input/resources/StructureDefinition-SGRequirements.json	21186	5	0	11	0	0	0	0	0	26	0	0	0	0	0	0	0	0	0	0	1	351	214	0	0	0	0	11	0	1
input/resources/StructureDefinition-SGTransaction.json	11715	2	0	76	0	0	0	0	0	131	0	0	1	0	0	0	0	3	0	0	2	1608	613	0	0	0	0	45	0	3
/input/includes/dmn2html.xslt	6208	-	-	-	0	0	0	0	0	0	0	0	0	0	0	0	0	0	0	0	0	0	0	0	0	0	0	0	0	0
/input/includes/_append.fragment-header.html	141	-	-	-	0	0	0	0	0	0	0	0	0	0	0	0	0	0	0	0	0	0	1	0	0	0	0	0	0	0
/input/includes/smart.liquid	3670	-	-	-	0	0	0	0	0	0	0	0	0	0	0	0	0	0	0	0	0	0	0	0	0	0	0	0	0	0
/fsh-generated/includes/menu.xml	1776	-	-	-	0	0	0	0	0	0	0	0	0	0	0	0	0	0	0	0	0	0	0	0	0	0	0	0	0	0
/fsh-generated/includes/fsh-link-references.md	11129	-	-	-	0	0	0	0	0	0	0	0	0	0	0	0	0	0	0	0	0	0	1	0	0	0	0	0	0	0
/input/data/system_categories.txt	914	-	-	-	0	0	0	0	0	0	0	0	0	0	0	0	0	0	0	0	0	0	0	0	0	0	0	0	0	0
/input/data/README.md	1553	-	-	-	0	0	0	0	0	0	0	0	0	0	0	0	0	0	0	0	0	0	0	0	0	0	0	0	0	0
/input/data/dhi_v1.txt	5543	-	-	-	0	0	0	0	0	0	0	0	0	0	0	0	0	0	0	0	0	0	0	0	0	0	0	0	0	0
/input/data/ISCO-08_EN_Structure_and_definitions.xlsx	16415	-	-	-	0	0	0	0	0	0	0	0	0	0	0	0	0	0	0	0	0	0	0	0	0	0	0	0	0	0
/input/pagecontent/ValueSet-CDSCv2.E.md	421	-	-	-	0	0	0	0	0	0	0	0	0	0	0	0	0	0	0	0	0	0	0	0	0	0	0	0	0	0
/input/pagecontent/StructureDefinition-DecisionSupportLogicSource.md	561	-	-	-	0	0	0	0	0	0	0	0	0	0	0	0	0	0	0	0	0	0	0	0	0	0	0	0	0	0
/input/pagecontent/Requirements-SGAuthoring.Skills.AuthorActorDefinitions.md	257	-	-	-	0	0	0	0	0	0	0	0	0	0	0	0	0	0	0	0	0	0	0	0	0	0	0	0	0	0
/input/pagecontent/Requirements-SGAuthoring.Skills.AuthorDecisionLogic.md	223	-	-	-	0	0	0	0	0	0	0	0	0	0	0	0	0	0	0	0	0	0	1	0	0	0	0	0	0	0
/input/pagecontent/Requirements-SGAuthoring.Skills.ManageGovernance.md	261	-	-	-	0	0	0	0	0	0	0	0	0	0	0	0	0	0	0	0	0	0	0	0	0	0	0	0	0	0
/input/pagecontent/authoring-process.md	5054	-	-	-	0	0	0	0	0	0	0	0	0	0	0	0	0	0	0	0	0	0	0	0	0	0	0	0	0	0
/input/pagecontent/Requirements-SGAuthoring.Skills.AuthorLogicalModels.md	229	-	-	-	0	0	0	0	0	0	0	0	0	0	0	0	0	0	0	0	0	0	0	0	0	0	0	0	0	0
/input/pagecontent/StructureDefinition-BusinessProcessWorkflowSource.md	579	-	-	-	0	0	0	0	0	0	0	0	0	0	0	0	0	0	0	0	0	0	0	0	0	0	0	0	0	0
/input/pagecontent/ValueSet-CDSCv2.B.md	437	-	-	-	0	0	0	0	0	0	0	0	0	0	0	0	0	0	0	0	0	0	0	0	0	0	0	0	0	0
/input/pagecontent/Requirements-SGAuthoring.Skills.AuthorFunctionalRequirements.md	261	-	-	-	0	0	0	0	0	0	0	0	0	0	0	0	0	0	0	0	0	0	1	0	0	0	0	0	0	0
/input/pagecontent/StructureDefinition-Requirements.md	443	-	-	-	0	0	0	0	0	0	0	0	0	0	0	0	0	0	0	0	0	0	0	0	0	0	0	0	0	0
/input/pagecontent/Requirements-SGAuthoring.Skills.ReviewTerminology.md	273	-	-	-	0	0	0	0	0	0	0	0	0	0	0	0	0	0	0	0	0	0	0	0	0	0	0	0	0	0
/input/pagecontent/Requirements-SGAuthoring.Skills.AuthorMeasures.md	202	-	-	-	0	0	0	0	0	0	0	0	0	0	0	0	0	0	0	0	0	0	0	0	0	0	0	0	0	0
/input/pagecontent/changes.md	62	-	-	-	0	0	0	0	0	0	0	0	0	0	0	0	0	0	0	0	0	0	0	0	0	0	0	0	0	0
/input/pagecontent/Requirements-SGAuthoring.Skills.AuthorUserScenarios.md	251	-	-	-	0	0	0	0	0	0	0	0	0	0	0	0	0	0	0	0	0	0	0	0	0	0	0	0	0	0
/input/pagecontent/Requirements-SGAuthoring.Skills.ReviewChecklist.md	241	-	-	-	0	0	0	0	0	0	0	0	0	0	0	0	0	0	0	0	0	0	0	0	0	0	0	0	0	0
/input/pagecontent/Requirements-SGAuthoring.Skills.AuthorCodeSystems.md	215	-	-	-	0	0	0	0	0	0	0	0	0	0	0	0	0	0	0	0	0	0	0	0	0	0	0	0	0	0
/input/pagecontent/ValueSet-CDSCv2.D.md	422	-	-	-	0	0	0	0	0	0	0	0	0	0	0	0	0	0	0	0	0	0	0	0	0	0	0	0	0	0
/input/pagecontent/StructureDefinition-TestScenarioSource.md	511	-	-	-	0	0	0	0	0	0	0	0	0	0	0	0	0	0	0	0	0	0	0	0	0	0	0	0	0	0
/input/pagecontent/ValueSet-CDSCv2.A.md	410	-	-	-	0	0	0	0	0	0	0	0	0	0	0	0	0	0	0	0	0	0	1	0	0	0	0	0	0	0
/input/pagecontent/Requirements-SGAuthoring.Skills.PlanIterations.md	269	-	-	-	0	0	0	0	0	0	0	0	0	0	0	0	0	0	0	0	0	0	0	0	0	0	0	0	0	0
/input/pagecontent/Requirements-SGAuthoring.Skills.RunQAChecks.md	200	-	-	-	0	0	0	0	0	0	0	0	0	0	0	0	0	0	0	0	0	0	0	0	0	0	0	0	0	0
/input/pagecontent/translations/Requirements-SGAuthoring.Skills.PlanIterations.pot	2570	-	-	-	0	0	0	0	0	0	0	0	0	0	0	0	0	0	0	0	0	0	52	0	0	0	0	0	0	0
/input/pagecontent/translations/license.pot	5547	-	-	-	0	0	0	0	0	0	0	0	0	0	0	0	0	0	0	0	0	0	28	0	0	0	0	0	0	0
/input/pagecontent/translations/Requirements-SGAuthoring.Skills.AuthorPersonas.pot	2549	-	-	-	0	0	0	0	0	0	0	0	0	0	0	0	0	0	0	0	0	0	28	0	0	0	0	0	0	0
/input/pagecontent/translations/Requirements-SGAuthoring.Skills.AuthorCQL.pot	2481	-	-	-	0	0	0	0	0	0	0	0	0	0	0	0	0	0	0	0	0	0	24	0	0	0	0	0	0	0
/input/pagecontent/translations/Requirements-SGAuthoring.Skills.AuthorConceptMaps.pot	2585	-	-	-	0	0	0	0	0	0	0	0	0	0	0	0	0	0	0	0	0	0	25	0	0	0	0	0	0	0
/input/pagecontent/translations/Requirements-SGAuthoring.Skills.ReviewChecklist.pot	2564	-	-	-	0	0	0	0	0	0	0	0	0	0	0	0	0	0	0	0	0	0	22	0	0	0	0	0	0	0
/input/pagecontent/translations/Requirements-SGAuthoring.Skills.AuthorTestCases.pot	2556	-	-	-	0	0	0	0	0	0	0	0	0	0	0	0	0	0	0	0	0	0	22	0	0	0	0	0	0	0
/input/pagecontent/translations/Requirements-SGAuthoring.Skills.AuthorDataDictionary.pot	2616	-	-	-	0	0	0	0	0	0	0	0	0	0	0	0	0	0	0	0	0	0	24	0	0	0	0	0	0	0
/input/pagecontent/translations/Requirements-SGAuthoring.Skills.AuthorQuestionnaires.pot	2638	-	-	-	0	0	0	0	0	0	0	0	0	0	0	0	0	0	0	0	0	0	22	0	0	0	0	0	0	0
/input/pagecontent/translations/Requirements-SGAuthoring.Skills.AuthorValueSets.pot	2571	-	-	-	0	0	0	0	0	0	0	0	0	0	0	0	0	0	0	0	0	0	20	0	0	0	0	0	0	0
/input/pagecontent/translations/index.pot	12966	-	-	-	0	0	0	0	0	0	0	0	0	0	0	0	0	0	0	0	0	0	20	0	0	0	0	0	0	0
/input/pagecontent/translations/changes.pot	1220	-	-	-	0	0	0	0	0	0	0	0	0	0	0	0	0	0	0	0	0	0	19	0	0	0	0	0	0	0
/input/pagecontent/translations/Requirements-SGAuthoring.Skills.AuthorIndicators.pot	2576	-	-	-	0	0	0	0	0	0	0	0	0	0	0	0	0	0	0	0	0	0	21	0	0	0	0	0	0	0
/input/pagecontent/translations/Requirements-SGAuthoring.Skills.AuthorExampleScenarios.pot	2642	-	-	-	0	0	0	0	0	0	0	0	0	0	0	0	0	0	0	0	0	0	18	0	0	0	0	0	0	0
/input/pagecontent/translations/Requirements-SGAuthoring.Skills.AuthorSchedulingLogic.pot	2631	-	-	-	0	0	0	0	0	0	0	0	0	0	0	0	0	0	0	0	0	0	18	0	0	0	0	0	0	0
/input/pagecontent/translations/authoring-personas.pot	21388	-	-	-	0	0	0	0	0	0	0	0	0	0	0	0	0	0	0	0	0	0	17	0	0	0	0	0	0	0
/input/pagecontent/translations/Requirements-SGAuthoring.Skills.ReviewAndApproveContent.pot	2702	-	-	-	0	0	0	0	0	0	0	0	0	0	0	0	0	0	0	0	0	0	17	0	0	0	0	0	0	0
/input/pagecontent/translations/Requirements-SGAuthoring.Skills.ManageReleases.pot	2542	-	-	-	0	0	0	0	0	0	0	0	0	0	0	0	0	0	0	0	0	0	18	0	0	0	0	0	0	0
/input/pagecontent/translations/Requirements-SGAuthoring.Skills.AuthorUserScenarios.pot	2633	-	-	-	0	0	0	0	0	0	0	0	0	0	0	0	0	0	0	0	0	0	17	0	0	0	0	0	0	0
/input/pagecontent/translations/Requirements-SGAuthoring.Skills.InterpretClinicalRecommendations.pot	2835	-	-	-	0	0	0	0	0	0	0	0	0	0	0	0	0	0	0	0	0	0	17	0	0	0	0	0	0	0
/input/pagecontent/translations/Requirements-SGAuthoring.Skills.AuthorPlanDefinitions.pot	2641	-	-	-	0	0	0	0	0	0	0	0	0	0	0	0	0	0	0	0	0	0	17	0	0	0	0	0	0	0
/input/pagecontent/translations/Requirements-SGAuthoring.Skills.ScopeDAK.pot	2455	-	-	-	0	0	0	0	0	0	0	0	0	0	0	0	0	0	0	0	0	0	17	0	0	0	0	0	0	0
/input/pagecontent/translations/Requirements-SGAuthoring.Skills.ReviewTerminology.pot	2625	-	-	-	0	0	0	0	0	0	0	0	0	0	0	0	0	0	0	0	0	0	16	0	0	0	0	0	0	0
/input/pagecontent/translations/Requirements-SGAuthoring.Skills.AuthorFunctionalRequirements.pot	2787	-	-	-	0	0	0	0	0	0	0	0	0	0	0	0	0	0	0	0	0	0	16	0	0	0	0	0	0	0
/input/pagecontent/translations/Requirements-SGAuthoring.Skills.AuthorDecisionLogic.pot	2605	-	-	-	0	0	0	0	0	0	0	0	0	0	0	0	0	0	0	0	0	0	16	0	0	0	0	0	0	0
/input/pagecontent/translations/Requirements-SGAuthoring.Skills.ReviewTranslations.pot	2570	-	-	-	0	0	0	0	0	0	0	0	0	0	0	0	0	0	0	1	0	0	15	0	0	0	0	0	0	0
/input/pagecontent/translations/Requirements-SGAuthoring.Skills.AuthorMeasures.pot	2507	-	-	-	0	0	0	0	0	0	0	0	0	0	0	0	0	0	0	0	0	0	14	0	0	0	0	0	0	0
/input/pagecontent/translations/Requirements-SGAuthoring.Skills.BuildIG.pot	2846	-	-	-	0	0	0	0	0	0	0	0	0	0	0	0	0	0	0	0	0	0	15	0	0	0	0	0	0	0
/input/pagecontent/translations/Requirements-SGAuthoring.Skills.AuthorActorDefinitions.pot	2690	-	-	-	0	0	0	0	0	0	0	0	0	0	0	0	0	0	0	0	0	0	14	0	0	0	0	0	0	0
/input/pagecontent/translations/Requirements-SGAuthoring.Skills.AuthorLogicalModels.pot	2614	-	-	-	0	0	0	0	0	0	0	0	0	0	0	0	0	0	0	0	0	0	15	0	0	0	0	0	0	0
/input/pagecontent/translations/Requirements-SGAuthoring.Skills.ManageStakeholders.pot	2614	-	-	-	0	0	0	0	0	0	0	0	0	0	0	0	0	0	0	0	0	0	14	0	0	0	0	0	0	0
/input/pagecontent/translations/Requirements-SGAuthoring.Skills.ValidateDAKContent.pot	3108	-	-	-	0	0	0	0	0	0	0	0	0	0	0	0	0	0	0	0	0	0	15	0	0	0	0	0	0	0
/input/pagecontent/translations/Requirements-SGAuthoring.Skills.AuthorFHIRRequirements.pot	2672	-	-	-	0	0	0	0	0	0	0	0	0	0	0	0	0	0	0	0	0	0	13	0	0	0	0	0	0	0
/input/pagecontent/translations/Requirements-SGAuthoring.Skills.ReviewL1Guidelines.pot	3596	-	-	-	0	0	0	0	0	0	0	0	0	0	0	0	0	0	0	0	0	0	12	0	0	0	0	0	0	0
/input/pagecontent/translations/Requirements-SGAuthoring.Skills.AuthorBusinessProcesses.pot	2664	-	-	-	0	0	0	0	0	0	0	0	0	0	0	0	0	0	0	0	0	0	13	0	0	0	0	0	0	0
/input/pagecontent/translations/Requirements-SGAuthoring.Skills.ValidateL3Functionality.pot	3197	-	-	-	0	0	0	0	0	0	0	0	0	0	0	0	0	0	0	0	0	0	13	0	0	0	0	0	0	0
/input/pagecontent/translations/Requirements-SGAuthoring.Skills.ConfigureIG.pot	2499	-	-	-	0	0	0	0	0	0	0	0	0	0	0	0	0	0	0	0	0	0	13	0	0	0	0	0	0	0
/input/pagecontent/translations/authoring-skills.pot	59122	-	-	-	0	0	0	0	0	0	0	0	0	0	0	0	0	0	0	0	0	0	12	0	0	0	0	0	0	0
/input/pagecontent/translations/downloads.pot	8895	-	-	-	0	0	0	0	0	0	0	0	0	0	0	0	0	0	0	0	0	0	12	0	0	0	0	0	0	0
/input/pagecontent/translations/Requirements-SGAuthoring.Skills.ManageGovernance.pot	2592	-	-	-	0	0	0	0	0	0	0	0	0	0	0	0	0	0	0	0	0	0	13	0	0	0	0	0	0	0
/input/pagecontent/translations/dak-api.pot	1884	-	-	-	0	0	0	0	0	0	0	0	0	0	0	0	0	0	0	0	0	0	15	0	0	0	0	0	0	0
/input/pagecontent/translations/Requirements-SGAuthoring.Skills.ValidateArtifactConformance.pot	2749	-	-	-	0	0	0	0	0	0	0	0	0	0	0	0	0	0	0	0	0	0	11	0	0	0	0	0	0	0
/input/pagecontent/translations/Requirements-SGAuthoring.Skills.TranslateContent.pot	2523	-	-	-	0	0	0	0	0	0	0	0	0	0	0	0	0	0	0	0	0	0	12	0	0	0	0	0	0	0
/input/pagecontent/translations/authoring-process.pot	28914	-	-	-	0	0	0	0	0	0	0	0	0	0	0	0	0	0	0	0	0	0	12	0	0	0	0	0	0	0
/input/pagecontent/translations/Requirements-SGAuthoring.Skills.AuthorFHIRProfiles.pot	2599	-	-	-	0	0	0	0	0	0	0	0	0	0	0	0	0	0	0	0	0	0	11	0	0	0	0	0	0	0
/input/pagecontent/translations/Requirements-SGAuthoring.Skills.AuthorCodeSystems.pot	2567	-	-	-	0	0	0	0	0	0	0	0	0	0	0	0	0	0	0	0	0	0	12	0	0	0	0	0	0	0
/input/pagecontent/translations/Requirements-SGAuthoring.Skills.RunQAChecks.pot	2459	-	-	-	0	0	0	0	0	0	0	0	0	0	0	0	0	0	0	0	0	0	13	0	0	0	0	0	0	0
/input/pagecontent/translations/Requirements-SGAuthoring.Skills.AuthorStructureMaps.pot	2630	-	-	-	0	0	0	0	0	0	0	0	0	0	0	0	0	0	0	0	0	0	11	0	0	0	0	0	0	0
/input/pagecontent/translations/Requirements-SGAuthoring.Skills.MapConcepts.pot	2529	-	-	-	0	0	0	0	0	0	0	0	0	0	0	0	0	0	0	0	0	0	15	0	0	0	0	0	0	0
/input/pagecontent/Requirements-SGAuthoring.Skills.AuthorFHIRRequirements.md	239	-	-	-	0	0	0	0	0	0	0	0	0	0	0	0	0	0	0	0	0	0	0	0	0	0	0	0	0	0
/input/pagecontent/StructureDefinition-CoreDataElementSource.md	531	-	-	-	0	0	0	0	0	0	0	0	0	0	0	0	0	0	0	0	0	0	0	0	0	0	0	0	0	0
/input/pagecontent/StructureDefinition-GenericPersonaSource.md	523	-	-	-	0	0	0	0	0	0	0	0	0	0	0	0	0	0	0	0	0	0	0	0	0	0	0	0	0	0
/input/pagecontent/StructureDefinition-BusinessProcessWorkflow.md	460	-	-	-	0	0	0	0	0	0	0	0	0	0	0	0	0	0	0	0	0	0	0	0	0	0	0	0	0	0
/input/pagecontent/index.md	4049	-	-	-	0	0	0	0	0	0	0	0	0	0	0	0	0	0	0	0	0	0	1	0	0	0	0	0	0	0
/input/pagecontent/authoring-personas.md	3627	-	-	-	0	0	0	0	0	0	0	0	0	0	0	0	0	0	0	0	0	0	0	0	0	0	0	0	0	0
/input/pagecontent/ValueSet-CDHIv1.4.md	306	-	-	-	0	0	0	0	0	0	0	0	0	0	0	0	0	0	0	0	0	0	0	0	0	0	0	0	0	0
/input/pagecontent/ValueSet-CDHIv2.1.md	397	-	-	-	0	0	0	0	0	0	0	0	0	0	0	0	0	0	0	0	0	0	0	0	0	0	0	0	0	0
/input/pagecontent/ValueSet-CDHIv2.md	332	-	-	-	0	0	0	0	0	0	0	0	0	0	0	0	0	0	0	0	0	0	0	0	0	0	0	0	0	0
/input/pagecontent/ValueSet-CDSCv2.md	377	-	-	-	0	0	0	0	0	0	0	0	0	0	0	0	0	0	0	0	0	0	0	0	0	0	0	0	0	0
/input/pagecontent/StructureDefinition-NonFunctionalRequirement.md	313	-	-	-	0	0	0	0	0	0	0	0	0	0	0	0	0	0	0	0	0	0	0	0	0	0	0	0	0	0
/input/pagecontent/Requirements-SGAuthoring.Skills.AuthorFHIRProfiles.md	230	-	-	-	0	0	0	0	0	0	0	0	0	0	0	0	0	0	0	0	0	0	0	0	0	0	0	0	0	0
/input/pagecontent/ValueSet-DecisionTableActions.md	237	-	-	-	0	0	0	0	0	0	0	0	0	0	0	0	0	0	0	0	0	0	1	0	0	0	0	0	0	0
/input/pagecontent/ValueSet-CDSCv2.C.md	449	-	-	-	0	0	0	0	0	0	0	0	0	0	0	0	0	0	0	0	0	0	0	0	0	0	0	0	0	0
/input/pagecontent/Requirements-SGAuthoring.Skills.AuthorConceptMaps.md	233	-	-	-	0	0	0	0	0	0	0	0	0	0	0	0	0	0	0	0	0	0	0	0	0	0	0	0	0	0
/input/pagecontent/Requirements-SGAuthoring.Skills.TranslateContent.md	184	-	-	-	0	0	0	0	0	0	0	0	0	0	0	0	0	0	0	0	0	0	0	0	0	0	0	0	0	0
/input/pagecontent/Requirements-SGAuthoring.Skills.ScopeDAK.md	250	-	-	-	0	0	0	0	0	0	0	0	0	0	0	0	0	0	0	0	0	0	0	0	0	0	0	0	0	0
/input/pagecontent/StructureDefinition-RequirementsSource.md	509	-	-	-	0	0	0	0	0	0	0	0	0	0	0	0	0	0	0	0	0	0	0	0	0	0	0	0	0	0
/input/pagecontent/StructureDefinition-HealthInterventions.md	445	-	-	-	0	0	0	0	0	0	0	0	0	0	0	0	0	0	0	0	0	0	0	0	0	0	0	0	0	0
/input/pagecontent/ValueSet-SGAuthoringPersonaTypesVS.md	277	-	-	-	0	0	0	0	0	0	0	0	0	0	0	0	0	0	0	0	0	0	0	0	0	0	0	0	0	0
/input/pagecontent/ValueSets.md	1678	-	-	-	0	0	0	0	0	0	0	0	0	0	0	0	0	0	0	0	0	0	0	0	0	0	0	0	0	0
/input/pagecontent/ClassificationDISAHv2.0.0.pdf	1611431	-	-	-	0	0	0	0	0	0	0	0	0	0	0	0	0	0	0	0	0	0	15	0	0	0	0	0	0	0
/input/pagecontent/Requirements-SGAuthoring.Skills.AuthorSchedulingLogic.md	217	-	-	-	0	0	0	0	0	0	0	0	0	0	0	0	0	0	0	0	0	0	1	0	0	0	0	0	0	0
/input/pagecontent/Requirements-SGAuthoring.Skills.AuthorBusinessProcesses.md	218	-	-	-	0	0	0	0	0	0	0	0	0	0	0	0	0	0	0	0	0	0	0	0	0	0	0	0	0	0
/input/pagecontent/downloads.md	1361	-	-	-	0	0	0	0	0	0	0	0	0	0	0	0	0	0	0	0	0	0	0	0	0	0	0	0	0	0
/input/pagecontent/ValueSet-CDHIv1.1.md	368	-	-	-	0	0	0	0	0	0	0	0	0	0	0	0	0	0	0	0	0	0	0	0	0	0	0	0	0	0
/input/pagecontent/StructureDefinition-DublinCore.md	367	-	-	-	0	0	0	0	0	0	0	0	0	0	0	0	0	0	0	0	0	0	0	0	0	0	0	0	0	0
/input/pagecontent/ValueSet-CDSCv1.md	338	-	-	-	0	0	0	0	0	0	0	0	0	0	0	0	0	0	0	0	0	0	0	0	0	0	0	0	0	0
/input/pagecontent/ValueSet-CDHIv2.4.md	344	-	-	-	0	0	0	0	0	0	0	0	0	0	0	0	0	0	0	0	0	0	0	0	0	0	0	0	0	0
/input/pagecontent/Requirements-SGAuthoring.Skills.AuthorTestCases.md	235	-	-	-	0	0	0	0	0	0	0	0	0	0	0	0	0	0	0	0	0	0	0	0	0	0	0	0	0	0
/input/pagecontent/license.md	1462	-	-	-	0	0	0	0	0	0	0	0	0	0	0	0	0	0	0	0	0	0	0	0	0	0	0	0	0	0
/input/pagecontent/Requirements-SGAuthoring.Skills.BuildIG.md	309	-	-	-	0	0	0	0	0	0	0	0	0	0	0	0	0	0	0	0	0	0	0	0	0	0	0	0	0	0
/input/pagecontent/StructureDefinition-UserScenario.md	359	-	-	-	0	0	0	0	0	0	0	0	0	0	0	0	0	0	0	0	0	0	1	0	0	0	0	0	0	0
/input/pagecontent/StructureDefinition-ProgramIndicator.md	420	-	-	-	0	0	0	0	0	0	0	0	0	0	0	0	0	0	0	0	0	0	0	0	0	0	0	0	0	0
/input/pagecontent/Requirements-SGAuthoring.Skills.ValidateArtifactConformance.md	234	-	-	-	0	0	0	0	0	0	0	0	0	0	0	0	0	0	0	0	0	0	0	0	0	0	0	0	0	0
/input/pagecontent/StructureDefinition-SushiConfigLogicalModel.md	456	-	-	-	0	0	0	0	0	0	0	0	0	0	0	0	0	0	0	0	0	0	0	0	0	0	0	0	0	0
/input/pagecontent/Requirements-SGAuthoring.Skills.ValidateDAKContent.md	347	-	-	-	0	0	0	0	0	0	0	0	0	0	0	0	0	0	0	0	0	0	0	0	0	0	0	0	0	0
/input/pagecontent/StructureDefinition-TestScenario.md	343	-	-	-	0	0	0	0	0	0	0	0	0	0	0	0	0	0	0	0	0	0	0	0	0	0	0	0	0	0
/input/pagecontent/Requirements-SGAuthoring.Skills.AuthorIndicators.md	242	-	-	-	0	0	0	0	0	0	0	0	0	0	0	0	0	0	0	0	0	0	0	0	0	0	0	0	0	0
/input/pagecontent/StructureDefinition-FHIRSchemaBase.md	502	-	-	-	0	0	0	0	0	0	0	0	0	0	0	0	0	0	0	0	0	0	0	0	0	0	0	0	0	0
/input/pagecontent/smart.liquid.md	2942	-	-	-	0	0	0	0	0	0	0	0	0	0	0	0	0	0	0	0	0	0	0	0	0	0	0	0	0	0
/input/pagecontent/ValueSet-SGAuthoringSkillsVS.md	273	-	-	-	0	0	0	0	0	0	0	0	0	0	0	0	0	0	0	0	0	0	0	0	0	0	0	0	0	0
/input/pagecontent/dak-api.md	239	-	-	-	0	0	0	0	0	0	0	0	0	0	0	0	0	0	0	0	0	0	0	0	0	0	0	0	0	0
/input/pagecontent/ValueSet-CoreDataElementTypeVS.md	239	-	-	-	0	0	0	0	0	0	0	0	0	0	0	0	0	0	0	0	0	0	0	0	0	0	0	0	0	0
/input/pagecontent/Requirements-SGAuthoring.Skills.AuthorQuestionnaires.md	237	-	-	-	0	0	0	0	0	0	0	0	0	0	0	0	0	0	0	0	0	0	1	0	0	0	0	0	0	0
/input/pagecontent/ValueSet-CDHIv1.md	1787	-	-	-	0	0	0	0	0	0	0	0	0	0	0	0	0	0	0	0	0	0	0	0	0	0	0	0	0	0
/input/pagecontent/ValueSet-CDHIv1.2.md	350	-	-	-	0	0	0	0	0	0	0	0	0	0	0	0	0	0	0	0	0	0	0	0	0	0	0	0	0	0
/input/pagecontent/StructureDefinition-Persona.md	259	-	-	-	0	0	0	0	0	0	0	0	0	0	0	0	0	0	0	0	0	0	0	0	0	0	0	0	0	0
/input/pagecontent/Requirements-SGAuthoring.Skills.AuthorValueSets.md	251	-	-	-	0	0	0	0	0	0	0	0	0	0	0	0	0	0	0	0	0	0	0	0	0	0	0	0	0	0
/input/pagecontent/DAK.DT.IMMZ.D2.DT.BCG.xml	89370	-	-	-	0	0	0	0	0	0	0	0	0	0	0	0	0	0	0	0	0	0	36	0	0	0	0	0	0	0
/input/pagecontent/ValueSet-CDHIv2.3.md	438	-	-	-	0	0	0	0	0	0	0	0	0	0	0	0	0	0	0	0	0	0	0	0	0	0	0	0	0	0
/input/pagecontent/StructureDefinition-UserScenarioSource.md	511	-	-	-	0	0	0	0	0	0	0	0	0	0	0	0	0	0	0	0	0	0	0	0	0	0	0	0	0	0
/input/pagecontent/Requirements-SGAuthoring.Skills.AuthorPersonas.md	247	-	-	-	0	0	0	0	0	0	0	0	0	0	0	0	0	0	0	0	0	0	0	0	0	0	0	0	0	0
/input/pagecontent/ValueSet-CDHIv1.3.md	366	-	-	-	0	0	0	0	0	0	0	0	0	0	0	0	0	0	0	0	0	0	0	0	0	0	0	0	0	0
/input/pagecontent/Requirements-SGAuthoring.Skills.MapConcepts.md	273	-	-	-	0	0	0	0	0	0	0	0	0	0	0	0	0	0	0	0	0	0	0	0	0	0	0	0	0	0
/input/pagecontent/ValueSets-enumeration.md	1658	-	-	-	0	0	0	0	0	0	0	0	0	0	0	0	0	0	0	0	0	0	0	0	0	0	0	0	0	0
/input/pagecontent/Requirements-SGAuthoring.Skills.ManageStakeholders.md	249	-	-	-	0	0	0	0	0	0	0	0	0	0	0	0	0	0	0	0	0	0	0	0	0	0	0	0	0	0
/input/pagecontent/Requirements-SGAuthoring.Skills.AuthorCQL.md	256	-	-	-	0	0	0	0	0	0	0	0	0	0	0	0	0	0	0	0	0	0	0	0	0	0	0	1	0	0
/input/pagecontent/Requirements-SGAuthoring.Skills.ReviewL1Guidelines.md	445	-	-	-	0	0	0	0	0	0	0	0	0	0	0	0	0	0	0	0	0	0	0	0	0	0	0	0	0	0
/input/pagecontent/StructureDefinition-ProgramIndicatorSource.md	535	-	-	-	0	0	0	0	0	0	0	0	0	0	0	0	0	0	0	0	0	0	0	0	0	0	0	0	0	0
/input/pagecontent/Requirements-SGAuthoring.Skills.ValidateL3Functionality.md	332	-	-	-	0	0	0	0	0	0	0	0	0	0	0	0	0	0	0	0	0	0	0	0	0	0	0	0	0	0
/input/pagecontent/Requirements-SGAuthoring.Skills.InterpretClinicalRecommendations.md	241	-	-	-	0	0	0	0	0	0	0	0	0	0	0	0	0	0	0	0	0	0	0	0	0	0	0	0	0	0
/input/pagecontent/StructureDefinition-CoreDataElement.md	418	-	-	-	0	0	0	0	0	0	0	0	0	0	0	0	0	0	0	0	0	0	1	0	0	0	0	0	0	0
/input/pagecontent/Requirements-SGAuthoring.Skills.AuthorExampleScenarios.md	209	-	-	-	0	0	0	0	0	0	0	0	0	0	0	0	0	0	0	0	0	0	0	0	0	0	0	0	0	0
/input/pagecontent/authoring-skills.md	9474	-	-	-	0	0	0	0	0	0	0	0	0	0	0	0	0	0	0	0	0	0	0	0	0	0	0	0	0	0
/input/pagecontent/Requirements-SGAuthoring.Skills.AuthorStructureMaps.md	245	-	-	-	0	0	0	0	0	0	0	0	0	0	0	0	0	0	0	0	0	0	0	0	0	0	0	0	0	0
/input/pagecontent/ValueSet-SGPersonaTypesVS.md	234	-	-	-	0	0	0	0	0	0	0	0	0	0	0	0	0	0	0	0	0	0	0	0	0	0	0	0	0	0
/input/pagecontent/Requirements-SGAuthoring.Skills.ReviewAndApproveContent.md	256	-	-	-	0	0	0	0	0	0	0	0	0	0	0	0	0	0	0	0	0	0	0	0	0	0	0	0	0	0
/input/pagecontent/StructureDefinition-HealthInterventionsSource.md	241	-	-	-	0	0	0	0	0	0	0	0	0	0	0	0	0	0	0	0	0	0	0	0	0	0	0	0	0	0
/input/pagecontent/StructureDefinition-DecisionSupportLogic.md	452	-	-	-	0	0	0	0	0	0	0	0	0	0	0	0	0	0	0	0	0	0	0	0	0	0	0	0	0	0
/input/pagecontent/StructureDefinition-GenericPersona.md	513	-	-	-	0	0	0	0	0	0	0	0	0	0	0	0	0	0	0	0	0	0	0	0	0	0	0	0	0	0
/input/pagecontent/ValueSet-ISCO08ValueSet.md	273	-	-	-	0	0	0	0	0	0	0	0	0	0	0	0	0	0	0	0	0	0	0	0	0	0	0	0	0	0
/input/pagecontent/Requirements-SGAuthoring.Skills.AuthorDataDictionary.md	218	-	-	-	0	0	0	0	0	0	0	0	0	0	0	0	0	0	0	0	0	0	0	0	0	0	0	0	0	0
/input/pagecontent/StructureDefinition-DAK.md	329	-	-	-	0	0	0	0	0	0	0	0	0	0	0	0	0	0	0	0	0	0	0	0	0	0	0	0	0	0
/input/pagecontent/Requirements-SGAuthoring.Skills.AuthorPlanDefinitions.md	224	-	-	-	0	0	0	0	0	0	0	0	0	0	0	0	0	0	0	0	0	0	0	0	0	0	0	0	0	0
/input/pagecontent/ValueSet-DocumentationSection.md	236	-	-	-	0	0	0	0	0	0	0	0	0	0	0	0	0	0	0	0	0	0	1	0	0	0	0	0	0	0
/input/pagecontent/Requirements-SGAuthoring.Skills.ConfigureIG.md	248	-	-	-	0	0	0	0	0	0	0	0	0	0	0	0	0	0	0	0	0	0	0	0	0	0	0	0	0	0
/input/pagecontent/StructureDefinition-FunctionalRequirement.md	302	-	-	-	0	0	0	0	0	0	0	0	0	0	0	0	0	0	0	0	0	0	0	0	0	0	0	0	0	0
/input/pagecontent/Requirements-SGAuthoring.Skills.ReviewTranslations.md	199	-	-	-	0	0	0	0	0	0	0	0	0	0	0	0	0	0	0	0	0	0	0	0	0	0	0	0	0	0
/input/pagecontent/Requirements-SGAuthoring.Skills.ManageReleases.md	243	-	-	-	0	0	0	0	0	0	0	0	0	0	0	0	0	0	0	0	0	0	0	0	0	0	0	0	0	0
/input/pagecontent/ValueSet-CDHIv2.2.md	400	-	-	-	0	0	0	0	0	0	0	0	0	0	0	0	0	0	0	0	0	0	0	0	0	0	0	0	0	0
/template/config	0	-	-	-	0	0	0	0	0	0	0	0	0	0	0	0	0	0	0	0	0	0	0	0	0	0	0	0	0	0
/template/config/_config.yml	140	-	-	-	0	0	0	0	0	0	0	0	0	0	0	0	0	0	0	0	0	0	0	0	0	0	0	0	0	0
/input/images	0	-	-	-	0	0	0	0	0	0	0	0	0	0	0	0	0	0	0	0	0	0	0	0	0	0	0	0	0	0
/input/images/L2_DAK_components_3x3_logoimage.svg	19088	-	-	-	0	0	0	0	0	0	0	0	0	0	0	0	0	0	0	0	0	0	0	0	0	0	0	0	0	0
/input/images/translations	0	-	-	-	0	0	0	0	0	0	0	0	0	0	0	0	0	0	0	0	0	0	1	0	0	0	0	0	0	0
/input/images/translations/images.pot	127501	-	-	-	0	0	0	0	0	0	0	0	0	0	0	0	0	0	0	0	0	0	0	0	0	0	0	0	0	0
/input/images/who-logo.png	7102	-	-	-	0	0	0	0	0	0	0	0	0	0	0	0	0	0	0	0	0	0	0	0	0	0	0	0	0	0
/input/images/DataTypes.jsonld	1124	-	-	-	0	0	0	0	0	0	0	0	0	0	0	0	0	0	0	0	0	0	0	0	0	0	0	0	0	0
/input/images/cql.js	1333	-	-	-	0	0	0	0	0	0	0	0	0	0	0	0	0	0	0	0	0	0	0	0	0	0	0	0	0	0
/input/images/SGAuthoring.DAKLifecycle.svg	87439	-	-	-	0	0	0	0	0	0	0	0	0	0	0	0	0	0	0	0	0	0	0	0	0	0	0	0	0	0
/temp/pages/_includes/artifacts.xml	97769	-	-	-	-	-	-	-	-	-	-	-	-	-	-	-	-	-	-	-	-	-	2	0	0	0	0	0	0	0
