URL,Version,Status,OIDs,Name,Title,Description,Used
http://smart.who.int/base/CodeSystem/CDHIv1,0.3.0,active,,CDHIv1,Classification of Digital Health Interventions v1,"CodeSystem for Classification of Digital Health Interventions v1. Autogenerated from DAK artifacts",
http://smart.who.int/base/CodeSystem/CDHIv2,0.3.0,active,,CDHIv2,Classification of Digital Health Interventions v2,"CodeSystem for the Classification of Digital Interventions, Services and Applications in Health (CDISAH), second edition (2023). ISBN 978-92-4-008194-9.  Organised into four groups based on the primary user:   1. Persons   2. Healthcare providers   3. Health management and support personnel   4. Data services  New categories vs v1: 1.4.4, 1.6.2, 1.8, 2.5.6, 2.11, 3.1.5, 3.5.7, 3.5.8, 3.8, 4.3.5, 4.4.2, 4.4.3, 4.5. See ConceptMap CDHIv1toCDHIv2 for the full mapping from the first edition.",
http://smart.who.int/base/CodeSystem/CDSCv1,0.3.0,active,,CDSCv1,Classification of Digital Health System Categories v1,"CodeSystem for Classification of Digital Health System Categories v1. Autogenerated from DAK artifacts",
http://smart.who.int/base/CodeSystem/CDSCv2,0.3.0,active,,CDSCv2,Classification of Digital Health Services and Application Types v2,"CodeSystem for the Classification of Digital Health Services and Application Types v2, as defined in the Classification of Digital Interventions, Services and Applications in Health (CDISAH), second edition (2023). ISBN 978-92-4-008194-9.  Services and Application Types represent the types of software, ICT systems and services or communication channels that deliver or execute digital health interventions (DHIs) and health content.  The types are organised into five representations within the Digital Health Architecture:   A. Point of service   B. Health system/Provider administration   C. Registries and Directories   D. Data Management services   E. Surveillance and Response",
http://smart.who.int/base/CodeSystem/CoreDataElementType,0.3.0,active,,CoreDataElementType,Core Data Element Type,"CodeSystem for Core Data Element types - defines the type of FHIR resource that a Core Data Element references.",
http://smart.who.int/base/CodeSystem/DecisionTableActions,0.3.0,active,,DecisionTableActions,Smart Guidelines Actions (columns) for Decision Tables,"CodeSystem for Smart Guidelines Documentation Actions for Decision Tables""",
http://smart.who.int/base/CodeSystem/DocumentationSections,0.3.0,active,,DocumentationSections,Smart Guidelines Documentation Section,"CodeSystem for Smart Guidelines Documentation Section to autogenerate documentation from artifacts",
http://smart.who.int/base/CodeSystem/KGCertainty,0.3.0,active,,KGCertainty,Knowledge graph L1: certainty,"GRADE certainty of evidence. The 2014 handbook calls it quality of evidence and names certainty as a synonym (§9.1). Rated per outcome on evidence; the overall certainty on a recommendation is the lowest across its critical outcomes (§9.6). Source: smart-kg ontology/l1/l1.json valueSets ""certainty""; WHO handbook for guideline development (2014) §9.1, §9.5–9.6.",
http://smart.who.int/base/CodeSystem/KGChangeStatus,0.3.0,active,,KGChangeStatus,Knowledge graph L1: change status,"Whether this edition of a consolidated guideline introduces, updates or carries a recommendation or indicator unchanged. Printed as NEW / UPDATE tags. Source: smart-kg ontology/l1/l1.json valueSets ""change-status""; Consolidated guidelines on person-centred HIV strategic information (2022), summary recommendations; handbook §1.7.2.",
http://smart.who.int/base/CodeSystem/KGCitationKind,0.3.0,active,,KGCitationKind,Knowledge graph L1: citation kind,"Whether a citation string names a source, or stands in for one that is missing. Source: smart-kg ontology/l1/l1.json valueSets ""citation-kind""; IMMZ DAK indicators workbook: '[Add appropriate reference]'.",
http://smart.who.int/base/CodeSystem/KGDerivation,0.3.0,active,,KGDerivation,Knowledge graph: derivation,"How a node or edge of a SMART Guidelines knowledge graph came to be. Every node and edge is exactly one of the three, and `decided` is the one a reviewer needs to find. Source: smart-kg shapes/recommendation-graph.schema.json $defs.derivation.",
http://smart.who.int/base/CodeSystem/KGElementType,0.3.0,active,,KGElementType,Knowledge graph L1: element type,"What kind of printed block a publication element is. Source: smart-kg ontology/l1/l1.json valueSets ""element-type""; Observed in the ANC and HIV SI guidelines and the immunization summary tables.",
http://smart.who.int/base/CodeSystem/KGEvidenceType,0.3.0,active,,KGEvidenceType,Knowledge graph L1: evidence type,"Which kind of evidence a row is, and so which scale its certainty is on: GRADE for effects, GRADE-CERQual for qualitative findings. Source: smart-kg ontology/l1/l1.json valueSets ""evidence-type""; ANC guideline (2016) methods (GRADE and GRADE-CERQual).",
http://smart.who.int/base/CodeSystem/KGGrcStatus,0.3.0,active,,KGGrcStatus,Knowledge graph L1: grc status,"Whether the Guideline Review Committee approved the publication. All WHO publications containing recommendations must be approved (handbook §1.10.1); a consolidated guideline whose recommendations were all previously approved and unchanged does not require review (§1.7.2). Absent means not recorded — not the same as not reviewed. Source: smart-kg ontology/l1/l1.json valueSets ""grc-status""; WHO handbook for guideline development (2014), §1.7.2, §1.10.1.",
http://smart.who.int/base/CodeSystem/KGIdentifierType,0.3.0,active,,KGIdentifierType,Knowledge graph L1: identifier type,"Which kind of identifier a publication carries. The first available, in this order, builds the publication IRI. url comes last: a web address is the least stable identifier and is used only for sources that have no other. Source: smart-kg ontology/l1/l1.json valueSets ""identifier-type""; WHO IRIS practice; CDHIv2.fsh carries an ISBN.",
http://smart.who.int/base/CodeSystem/KGInterventionType,0.3.0,active,,KGInterventionType,Knowledge graph L1: intervention type,"DRAFT. What kind of intervention a recommendation or catalogued intervention concerns. To be aligned with the UHC Compendium's categories once checked. Source: smart-kg ontology/l1/l1.json valueSets ""intervention-type""; WHO handbook §1.7.1 (clinical, health system, public health, diagnostic, surveillance); digital interventions per CDHI.",
http://smart.who.int/base/CodeSystem/KGL1Classes,0.3.0,active,,KGL1Classes,Knowledge graph L1: classes,"The classes of the L1 layer of the SMART Guidelines knowledge graph. A node's `type` is one of these. Source: kg/src/L1.ts (migrated from smart-kg ontology/L1/L1.json).",
http://smart.who.int/base/CodeSystem/KGL1LibraryClasses,0.3.0,active,,KGL1LibraryClasses,Knowledge graph L1Library: classes,"The classes of the L1Library layer of the SMART Guidelines knowledge graph. A node's `type` is one of these. Source: kg/src/l1-library.ts (migrated from smart-kg ontology/l1-library/l1-library.json).",
http://smart.who.int/base/CodeSystem/KGL1LibraryPredicates,0.3.0,active,,KGL1LibraryPredicates,Knowledge graph L1Library: predicates,"The predicates of the L1Library layer. An edge's `predicate` is one of these; which (source, target) pairs each licenses is the layer's edge table. Source: kg/src/l1-library.ts (migrated from smart-kg ontology/l1-library/l1-library.json).",
http://smart.who.int/base/CodeSystem/KGL1Predicates,0.3.0,active,,KGL1Predicates,Knowledge graph L1: predicates,"The predicates of the L1 layer. An edge's `predicate` is one of these; which (source, target) pairs each licenses is the layer's edge table. Source: kg/src/L1.ts (migrated from smart-kg ontology/L1/L1.json).",
http://smart.who.int/base/CodeSystem/KGOutcomeImportance,0.3.0,active,,KGOutcomeImportance,Knowledge graph L1: outcome importance,"How the guideline development group rated an outcome on the 1–9 scale: 7–9 critical, 4–6 important. Unimportant outcomes are not carried into evidence profiles, so they have no code here. Source: smart-kg ontology/l1/l1.json valueSets ""outcome-importance""; WHO handbook for guideline development (2014) §7.6, Fig. 7.1.",
http://smart.who.int/base/CodeSystem/KGPublicationType,0.3.0,active,,KGPublicationType,Knowledge graph L1: publication type,"What kind of publication this is. The distinction that matters most for provenance is guideline versus not: a summary table or position paper restates recommendations made elsewhere, and a §1.9 product makes none of its own. Conflating them makes a citation resolve to the wrong authority. Source: smart-kg ontology/l1/l1.json valueSets ""publication-type""; WHO handbook for guideline development (2014), Table 1.2 and §1.7–1.9; the BCG decision table's citation for summary-table; CDHIv2.fsh for classification.",
http://smart.who.int/base/CodeSystem/KGRecommendationDirection,0.3.0,active,,KGRecommendationDirection,Knowledge graph L1: recommendation direction,"For or against. The handbook prefers ""we recommend against X"" to ""X is not recommended"", which is ambiguous between against and no recommendation (§10.6). Source: smart-kg ontology/l1/l1.json valueSets ""recommendation-direction""; WHO handbook for guideline development (2014) §10.1, §10.6.",
http://smart.who.int/base/CodeSystem/KGRecommendationKind,0.3.0,active,,KGRecommendationKind,Knowledge graph L1: recommendation kind,"What sort of normative statement this is. Grading is optional: ANC 2016 prints a direction ('Recommended', 'Not recommended') and no GRADE strength. A strength always needs a direction. A good practice statement and a no-recommendation carry no strength or certainty, and a no-recommendation carries no direction. Source: smart-kg ontology/l1/l1.json valueSets ""recommendation-kind""; WHO handbook §10.4, §10.7; ANC guideline (2016) Table 1, verified; Guyatt et al. 2016 on good practice statements.",
http://smart.who.int/base/CodeSystem/KGRecommendationStatus,0.3.0,active,,KGRecommendationStatus,Knowledge graph L1: recommendation status,"Whether a recommendation is still in force. Recommendations in one guideline go out of date at different times (§1.7.2), and a department that doubts a recommendation's validity should say so before the update is done (§12.5.4). This is what impact analysis filters on. Source: smart-kg ontology/l1/l1.json valueSets ""recommendation-status""; WHO handbook for guideline development (2014) §1.7.2, §12.5.",
http://smart.who.int/base/CodeSystem/KGRecommendationStrength,0.3.0,active,,KGRecommendationStrength,Knowledge graph L1: recommendation strength,"GRADE strength. Strength is not certainty: a strong recommendation can rest on low-certainty evidence and a conditional one on high. Record ""weak"" as conditional; the handbook treats them as synonyms (§10.4). Source: smart-kg ontology/l1/l1.json valueSets ""recommendation-strength""; WHO handbook for guideline development (2014) §10.4.",
http://smart.who.int/base/CodeSystem/KGRemarkType,0.3.0,active,,KGRemarkType,Knowledge graph L1: remark type,"What a remark is for. Grounded in the six remarks attached to ANC recommendation A.1.1. Source: smart-kg ontology/l1/l1.json valueSets ""remark-type""; ANC guideline (2016) p. 15; handbook §10.6, §10.8.",
http://smart.who.int/base/CodeSystem/KGResolutionStatus,0.3.0,active,,KGResolutionStatus,Knowledge graph L1: resolution status,"Whether a citation string has been matched to what it cites. `ambiguous` is a legitimate terminal state — two publications with similar titles is a question for a person — and must not be collapsed to resolved. Source: smart-kg ontology/l1/l1.json valueSets ""resolution-status""; docs/SCOPE.md.",
http://smart.who.int/base/CodeSystem/KGRowType,0.3.0,active,,KGRowType,Knowledge graph L1: row type,"The role of a row within a table. Source: smart-kg ontology/l1/l1.json valueSets ""row-type""; HIV SI guideline Table 2.3; ANC Table 1.",
http://smart.who.int/base/CodeSystem/KGTerminologySystem,0.3.0,active,,KGTerminologySystem,Knowledge graph L1: terminology system,"Code systems a DAK is expected to use. An unknown system is a warning, because a misspelt system silently breaks joins across guidelines. Source: smart-kg ontology/l1/l1.json valueSets ""terminology-system""; smart-base input/fsh/profiles/SGLogicalModel.fsh and Aliases.fsh; UHC Compendium; CDHIv2.fsh.",
http://smart.who.int/base/CodeSystem/SGAuthoringPersonaTypes,0.3.0,active,,SGAuthoringPersonaTypes,SMART Guidelines Authoring Persona Types,"CodeSystem for SMART Guidelines authoring persona types. These represent roles involved in the authoring, review, and publication of SMART Guidelines and Digital Adaptation Kits, as distinct from the clinical/health personas defined within a DAK.",
http://smart.who.int/base/CodeSystem/SGAuthoringSkills,0.3.0,active,,SGAuthoringSkills,SMART Guidelines Authoring Skills,"CodeSystem for SMART Guidelines authoring skill capabilities. Each code represents a discrete skill that an authoring persona may possess. Skills are used to define Requirements resources as capability statements.",
http://smart.who.int/base/CodeSystem/SGPersonaTypes,0.3.0,active,,SGPersonaTypes,SMART Guidelines Persona Types,"CodeSystem for SMART Guidelines Persona Types",
http://smart.who.int/base/CodeSystem/SGTasks,0.3.0,active,,SGTasks,SMART Guidelines Tasks,"CodeSystem for SMART Guidelines tasks which are specializations of the Business Process Modeling Notatiton (BPMN) tasks, which are included in this codesystem  See [BPMN Spectification](https://www.omg.org/spec/BPMN) for more info.  The descriptions were adapted from the [normative human readable documentation](https://www.omg.org/spec/BPMN/2.0.2/PDF).",
http://www.ilo.org/public/english/bureau/stat/isco/isco08/,0.3.0,active,,ISCO08,International Standard Classification of Occupations 2008,"ISCO-08 codes from the International Labour Organization official classification",
