"Id","Path","Slice Name","Alias(s)","Label","Min","Max","Must Support?","Is Modifier?","Is Summary?","Type(s)","Short","Definition","Comments","Requirements","Default Value","Meaning When Missing","Fixed Value","Pattern","Example","Minimum Value","Maximum Value","Maximum Length","Binding Strength","Binding Description","Binding Value Set","Code","Slicing Discriminator","Slicing Description","Slicing Ordered","Slicing Rules","Base Path","Base Min","Base Max","Condition(s)","Constraint(s)"
"KGRemark","KGRemark","","","",0,*,"","","","null {[]} {[]}
","Knowledge graph L1: Remark","A remark attached to a recommendation (handbook §10.6). May also be printed as a table footnote. Class IRI: http://smart.who.int/kg/remark.","","","","","","","","","",,,,,"",,,,"Base",0,*,"",""
"KGRemark.text","KGRemark.text","","","",0,1,"","","","markdown {[]} {[]}
","Text","The remark, verbatim.","","","","","","","","","",,,,,"",,,,"KGRemark.text",0,1,"",""
"KGRemark.remarkType","KGRemark.remarkType","","","",0,1,"","","","code {[]} {[]}
","Remark type","What a remark is for.","","","","","","","","","",,"required","","http://smart.who.int/base/ValueSet/KGRemarkTypeVS","",,,,"KGRemark.remarkType",0,1,"",""
"KGRemark.ordinal","KGRemark.ordinal","","","",0,1,"","","","unsignedInt {[]} {[]}
","Ordinal","Position among the recommendation's remarks.","","","","","","","","","",,,,,"",,,,"KGRemark.ordinal",0,1,"",""
"KGRemark.contentHash","KGRemark.contentHash","","","",0,1,"","","","string {[]} {[]}
","Content hash","sha256 of the normalised text.","","","","","","","","","",,,,,"",,,,"KGRemark.contentHash",0,1,"",""
