URL,Version,Status,OIDs,Name,Title,Description,Uses,Used,Sources
http://smart.who.int/base/ValueSet/CDHIv1,0.3.0,active,,CDHIv1,Classification of Digital Health Interventions v1,"Value Set for Classification of Digital Health Interventions v1. Autogenerated from DAK artifacts",,"Internal"
http://smart.who.int/base/ValueSet/CDHIv1.1,0.3.0,active,,CDHIv1.1,Digital Health Interventions for Clients,"Digital Health Interventions whose primary user group is Clients (persons using health services). Group 1 of the Classification of Digital Health Interventions v1 (2018).",,"Internal"
http://smart.who.int/base/ValueSet/CDHIv1.2,0.3.0,active,,CDHIv1.2,Digital Health Interventions for Health Workers,"Digital Health Interventions whose primary user group is Health Workers. Group 2 of the Classification of Digital Health Interventions v1 (2018).",,"Internal"
http://smart.who.int/base/ValueSet/CDHIv1.3,0.3.0,active,,CDHIv1.3,Digital Health Interventions for Health System Managers,"Digital Health Interventions whose primary user group is Health System Managers. Group 3 of the Classification of Digital Health Interventions v1 (2018).",,"Internal"
http://smart.who.int/base/ValueSet/CDHIv1.4,0.3.0,active,,CDHIv1.4,Digital Health Interventions: Data Services,"Crosscutting Data Services DHIs. Group 4 of the Classification of Digital Health Interventions v1 (2018).",,"Internal"
http://smart.who.int/base/ValueSet/CDHIv2,0.3.0,active,,CDHIv2,Classification of Digital Health Interventions v2,"Value Set for the Classification of Digital Interventions, Services and Applications in Health (CDISAH), second edition (2023).",,"Internal"
http://smart.who.int/base/ValueSet/CDHIv2.1,0.3.0,active,,CDHIv2.1,Digital Health Interventions for Persons,"Digital Health Interventions whose primary user group is Persons (health service users). Group 1 of the Classification of Digital Interventions, Services and Applications in Health v2 (CDISAH, 2023).",,"Internal"
http://smart.who.int/base/ValueSet/CDHIv2.2,0.3.0,active,,CDHIv2.2,Digital Health Interventions for Healthcare Providers,"Digital Health Interventions whose primary user group is Healthcare Providers. Group 2 of the Classification of Digital Interventions, Services and Applications in Health v2 (CDISAH, 2023).",,"Internal"
http://smart.who.int/base/ValueSet/CDHIv2.3,0.3.0,active,,CDHIv2.3,Digital Health Interventions for Health Management and Support Personnel,"Digital Health Interventions whose primary user group is Health Management and Support Personnel. Group 3 of the Classification of Digital Interventions, Services and Applications in Health v2 (CDISAH, 2023).",,"Internal"
http://smart.who.int/base/ValueSet/CDHIv2.4,0.3.0,active,,CDHIv2.4,Digital Health Interventions: Data Services,"Crosscutting Data Services DHIs. Group 4 of the Classification of Digital Interventions, Services and Applications in Health v2 (CDISAH, 2023).",,"Internal"
http://smart.who.int/base/ValueSet/CDSCv1,0.3.0,active,,CDSCv1,Health System Challenges,"Value set for Health System Challenges (Classification of Digital Health System Categories v1, 2018). Includes all 25 system category codes (A–Y).",,"Internal"
http://smart.who.int/base/ValueSet/CDSCv2,0.3.0,active,,CDSCv2,Services and Application Types,"Value set for Services and Application Types (Classification of Digital Health Services and Application Types v2, CDISAH 2023). Includes all codes across the five architecture groups (A–E).",,"Internal"
http://smart.who.int/base/ValueSet/CDSCv2.A,0.3.0,active,,CDSCv2.A,Services and Application Types: Point of Service,"Systems that facilitate the provision and delivery of healthcare services to persons at the point of care. Group A of the Classification of Digital Health Services and Application Types v2 (CDISAH, 2023).",,"Internal"
http://smart.who.int/base/ValueSet/CDSCv2.B,0.3.0,active,,CDSCv2.B,Services and Application Types: Health System/Provider Administration,"Systems that support the administrative and managerial functions of health systems and healthcare organisations. Group B of the Classification of Digital Health Services and Application Types v2 (CDISAH, 2023).",,"Internal"
http://smart.who.int/base/ValueSet/CDSCv2.C,0.3.0,active,,CDSCv2.C,Services and Application Types: Registries and Directories,"Systems that create, maintain, and provide authoritative master records for persons, providers, facilities, products and health events. Group C of the Classification of Digital Health Services and Application Types v2 (CDISAH, 2023).",,"Internal"
http://smart.who.int/base/ValueSet/CDSCv2.D,0.3.0,active,,CDSCv2.D,Services and Application Types: Data Management Services,"Services and systems that support the collection, aggregation, storage, analysis, and exchange of health data. Group D of the Classification of Digital Health Services and Application Types v2 (CDISAH, 2023).",,"Internal"
http://smart.who.int/base/ValueSet/CDSCv2.E,0.3.0,active,,CDSCv2.E,Services and Application Types: Surveillance and Response,"Systems that support the detection, monitoring, and response to disease outbreaks and public health threats. Group E of the Classification of Digital Health Services and Application Types v2 (CDISAH, 2023).",,"Internal"
http://smart.who.int/base/ValueSet/CoreDataElementTypeVS,0.3.0,active,,CoreDataElementTypeVS,Core Data Element Type Value Set,"Value set of core data element types",,"Internal"
http://smart.who.int/base/ValueSet/DecisionTableActions,0.3.0,active,,DecisionTableActions,Smart Guidelines Decision Table Actions,"Value Set for Smart Guidelines Documentation Decision Table Actions",,"Internal"
http://smart.who.int/base/ValueSet/DocumentationSection,0.3.0,active,,DocumentationSection,Smart Guidelines Documentation Section,"Value Set for Smart Guidelines Documentation Section to autogenerate documentation from artifacts",,"Other"
http://smart.who.int/base/ValueSet/ISCO08ValueSet,0.3.0,active,,ISCO08ValueSet,ISCO-08 Value Set,"Extensible value set of ISCO-08 codes for persona classification",,"Internal"
http://smart.who.int/base/ValueSet/KGCertaintyVS,0.3.0,active,,KGCertaintyVS,Knowledge graph L1: certainty,"All codes of KGCertainty.",,"Internal"
http://smart.who.int/base/ValueSet/KGChangeStatusVS,0.3.0,active,,KGChangeStatusVS,Knowledge graph L1: change status,"All codes of KGChangeStatus.",,"Internal"
http://smart.who.int/base/ValueSet/KGCitationKindVS,0.3.0,active,,KGCitationKindVS,Knowledge graph L1: citation kind,"All codes of KGCitationKind.",,"Internal"
http://smart.who.int/base/ValueSet/KGDerivationVS,0.3.0,active,,KGDerivationVS,Knowledge graph: derivation,"All codes of KGDerivation.",,"Internal"
http://smart.who.int/base/ValueSet/KGElementTypeVS,0.3.0,active,,KGElementTypeVS,Knowledge graph L1: element type,"All codes of KGElementType.",,"Internal"
http://smart.who.int/base/ValueSet/KGEvidenceTypeVS,0.3.0,active,,KGEvidenceTypeVS,Knowledge graph L1: evidence type,"All codes of KGEvidenceType.",,"Internal"
http://smart.who.int/base/ValueSet/KGGrcStatusVS,0.3.0,active,,KGGrcStatusVS,Knowledge graph L1: grc status,"All codes of KGGrcStatus.",,"Internal"
http://smart.who.int/base/ValueSet/KGIdentifierTypeVS,0.3.0,active,,KGIdentifierTypeVS,Knowledge graph L1: identifier type,"All codes of KGIdentifierType.",,"Internal"
http://smart.who.int/base/ValueSet/KGInterventionTypeVS,0.3.0,active,,KGInterventionTypeVS,Knowledge graph L1: intervention type,"All codes of KGInterventionType.",,"Internal"
http://smart.who.int/base/ValueSet/KGL1ClassesVS,0.3.0,active,,KGL1ClassesVS,Knowledge graph L1: classes,"All codes of KGL1Classes.",,"Internal"
http://smart.who.int/base/ValueSet/KGL1LibraryClassesVS,0.3.0,active,,KGL1LibraryClassesVS,Knowledge graph L1Library: classes,"All codes of KGL1LibraryClasses.",,"Internal"
http://smart.who.int/base/ValueSet/KGL1LibraryPredicatesVS,0.3.0,active,,KGL1LibraryPredicatesVS,Knowledge graph L1Library: predicates,"All codes of KGL1LibraryPredicates.",,"Internal"
http://smart.who.int/base/ValueSet/KGL1PredicatesVS,0.3.0,active,,KGL1PredicatesVS,Knowledge graph L1: predicates,"All codes of KGL1Predicates.",,"Internal"
http://smart.who.int/base/ValueSet/KGOutcomeImportanceVS,0.3.0,active,,KGOutcomeImportanceVS,Knowledge graph L1: outcome importance,"All codes of KGOutcomeImportance.",,"Internal"
http://smart.who.int/base/ValueSet/KGPublicationTypeVS,0.3.0,active,,KGPublicationTypeVS,Knowledge graph L1: publication type,"All codes of KGPublicationType.",,"Internal"
http://smart.who.int/base/ValueSet/KGRecommendationDirectionVS,0.3.0,active,,KGRecommendationDirectionVS,Knowledge graph L1: recommendation direction,"All codes of KGRecommendationDirection.",,"Internal"
http://smart.who.int/base/ValueSet/KGRecommendationKindVS,0.3.0,active,,KGRecommendationKindVS,Knowledge graph L1: recommendation kind,"All codes of KGRecommendationKind.",,"Internal"
http://smart.who.int/base/ValueSet/KGRecommendationStatusVS,0.3.0,active,,KGRecommendationStatusVS,Knowledge graph L1: recommendation status,"All codes of KGRecommendationStatus.",,"Internal"
http://smart.who.int/base/ValueSet/KGRecommendationStrengthVS,0.3.0,active,,KGRecommendationStrengthVS,Knowledge graph L1: recommendation strength,"All codes of KGRecommendationStrength.",,"Internal"
http://smart.who.int/base/ValueSet/KGRemarkTypeVS,0.3.0,active,,KGRemarkTypeVS,Knowledge graph L1: remark type,"All codes of KGRemarkType.",,"Internal"
http://smart.who.int/base/ValueSet/KGResolutionStatusVS,0.3.0,active,,KGResolutionStatusVS,Knowledge graph L1: resolution status,"All codes of KGResolutionStatus.",,"Internal"
http://smart.who.int/base/ValueSet/KGRowTypeVS,0.3.0,active,,KGRowTypeVS,Knowledge graph L1: row type,"All codes of KGRowType.",,"Internal"
http://smart.who.int/base/ValueSet/KGTerminologySystemVS,0.3.0,active,,KGTerminologySystemVS,Knowledge graph L1: terminology system,"All codes of KGTerminologySystem.",,"Internal"
http://smart.who.int/base/ValueSet/SGAuthoringPersonaTypesVS,0.3.0,active,,SGAuthoringPersonaTypesVS,SMART Guidelines Authoring Persona Types ValueSet,"ValueSet for SMART Guidelines authoring persona types",,"Internal"
http://smart.who.int/base/ValueSet/SGAuthoringSkillsVS,0.3.0,active,,SGAuthoringSkillsVS,SMART Guidelines Authoring Skills ValueSet,"ValueSet for all SMART Guidelines authoring skill capabilities",,"Internal"
http://smart.who.int/base/ValueSet/SGPersonaTypesVS,0.3.0,active,,SGPersonaTypesVS,Smart Guidelines Persona Types Value Set,"Value Set for Smart Guidelines Persona Section to autogenerate documentation from artifacts",,"Internal"
